-- MariaDB dump 10.19  Distrib 10.4.32-MariaDB, for Win64 (AMD64)
--
-- Host: localhost    Database: valosense
-- ------------------------------------------------------
-- Server version	10.4.32-MariaDB

/*!40101 SET @OLD_CHARACTER_SET_CLIENT=@@CHARACTER_SET_CLIENT */;
/*!40101 SET @OLD_CHARACTER_SET_RESULTS=@@CHARACTER_SET_RESULTS */;
/*!40101 SET @OLD_COLLATION_CONNECTION=@@COLLATION_CONNECTION */;
/*!40101 SET NAMES utf8mb4 */;
/*!40103 SET @OLD_TIME_ZONE=@@TIME_ZONE */;
/*!40103 SET TIME_ZONE='+00:00' */;
/*!40014 SET @OLD_UNIQUE_CHECKS=@@UNIQUE_CHECKS, UNIQUE_CHECKS=0 */;
/*!40014 SET @OLD_FOREIGN_KEY_CHECKS=@@FOREIGN_KEY_CHECKS, FOREIGN_KEY_CHECKS=0 */;
/*!40101 SET @OLD_SQL_MODE=@@SQL_MODE, SQL_MODE='NO_AUTO_VALUE_ON_ZERO' */;
/*!40111 SET @OLD_SQL_NOTES=@@SQL_NOTES, SQL_NOTES=0 */;

--
-- Table structure for table `agente`
--

DROP TABLE IF EXISTS `agente`;
/*!40101 SET @saved_cs_client     = @@character_set_client */;
/*!40101 SET character_set_client = utf8 */;
CREATE TABLE `agente` (
  `id` int(11) NOT NULL AUTO_INCREMENT,
  `nombre` varchar(50) NOT NULL,
  `rol` enum('Duelist','Initiator','Controller','Sentinel') NOT NULL,
  PRIMARY KEY (`id`),
  UNIQUE KEY `nombre` (`nombre`)
) ENGINE=InnoDB AUTO_INCREMENT=26 DEFAULT CHARSET=utf8mb4 COLLATE=utf8mb4_unicode_ci;
/*!40101 SET character_set_client = @saved_cs_client */;

--
-- Dumping data for table `agente`
--

LOCK TABLES `agente` WRITE;
/*!40000 ALTER TABLE `agente` DISABLE KEYS */;
INSERT INTO `agente` VALUES (1,'Jett','Duelist'),(2,'Reyna','Duelist'),(3,'Raze','Duelist'),(4,'Phoenix','Duelist'),(5,'Yoru','Duelist'),(6,'Neon','Duelist'),(7,'Iso','Duelist'),(8,'Sova','Initiator'),(9,'Breach','Initiator'),(10,'Skye','Initiator'),(11,'KAY/O','Initiator'),(12,'Fade','Initiator'),(13,'Gekko','Initiator'),(14,'Brimstone','Controller'),(15,'Viper','Controller'),(16,'Omen','Controller'),(17,'Astra','Controller'),(18,'Harbor','Controller'),(19,'Clove','Controller'),(20,'Sage','Sentinel'),(21,'Cypher','Sentinel'),(22,'Killjoy','Sentinel'),(23,'Chamber','Sentinel'),(24,'Deadlock','Sentinel'),(25,'Vyse','Sentinel');
/*!40000 ALTER TABLE `agente` ENABLE KEYS */;
UNLOCK TABLES;

--
-- Table structure for table `agente_favorito`
--

DROP TABLE IF EXISTS `agente_favorito`;
/*!40101 SET @saved_cs_client     = @@character_set_client */;
/*!40101 SET character_set_client = utf8 */;
CREATE TABLE `agente_favorito` (
  `id` int(11) NOT NULL AUTO_INCREMENT,
  `usuario_id` int(11) NOT NULL,
  `agente_id` int(11) NOT NULL,
  PRIMARY KEY (`id`),
  UNIQUE KEY `uq_usuario_agente` (`usuario_id`,`agente_id`),
  KEY `agente_id` (`agente_id`),
  CONSTRAINT `agente_favorito_ibfk_1` FOREIGN KEY (`usuario_id`) REFERENCES `usuario` (`id`) ON DELETE CASCADE,
  CONSTRAINT `agente_favorito_ibfk_2` FOREIGN KEY (`agente_id`) REFERENCES `agente` (`id`) ON DELETE CASCADE
) ENGINE=InnoDB AUTO_INCREMENT=49 DEFAULT CHARSET=utf8mb4 COLLATE=utf8mb4_unicode_ci;
/*!40101 SET character_set_client = @saved_cs_client */;

--
-- Dumping data for table `agente_favorito`
--

LOCK TABLES `agente_favorito` WRITE;
/*!40000 ALTER TABLE `agente_favorito` DISABLE KEYS */;
INSERT INTO `agente_favorito` VALUES (1,2,1),(2,2,20),(3,3,4),(4,3,14),(5,4,2),(6,4,16),(7,5,3),(8,5,21),(11,6,1),(9,6,8),(10,6,22),(13,7,11),(12,7,23),(16,8,6),(15,8,8),(14,8,15),(18,9,10),(17,9,17),(19,10,19),(20,10,24),(21,11,1),(22,11,9),(23,11,21),(25,12,12),(24,12,16),(28,13,1),(27,13,8),(26,13,23),(30,14,11),(29,14,15),(31,14,22),(32,15,3),(33,15,16),(34,15,21),(35,16,1),(36,16,17),(37,16,22),(40,17,12),(39,17,15),(38,17,23),(41,18,1),(42,18,16),(43,19,1),(46,19,8),(44,19,15),(45,19,22),(47,20,1),(48,20,16);
/*!40000 ALTER TABLE `agente_favorito` ENABLE KEYS */;
UNLOCK TABLES;

--
-- Table structure for table `agente_mapa_meta`
--

DROP TABLE IF EXISTS `agente_mapa_meta`;
/*!40101 SET @saved_cs_client     = @@character_set_client */;
/*!40101 SET character_set_client = utf8 */;
CREATE TABLE `agente_mapa_meta` (
  `id` int(11) NOT NULL AUTO_INCREMENT,
  `agente_id` int(11) NOT NULL,
  `mapa` enum('Ascent','Bind','Breeze','Fracture','Haven','Icebox','Lotus','Pearl','Split','Sunset','Abyss') NOT NULL,
  `tier` enum('S','A','B') NOT NULL DEFAULT 'B',
  `nota` varchar(255) NOT NULL,
  PRIMARY KEY (`id`),
  UNIQUE KEY `uq_agente_mapa` (`agente_id`,`mapa`),
  CONSTRAINT `agente_mapa_meta_ibfk_1` FOREIGN KEY (`agente_id`) REFERENCES `agente` (`id`) ON DELETE CASCADE
) ENGINE=InnoDB AUTO_INCREMENT=201 DEFAULT CHARSET=utf8mb4 COLLATE=utf8mb4_unicode_ci;
/*!40101 SET character_set_client = @saved_cs_client */;

--
-- Dumping data for table `agente_mapa_meta`
--

LOCK TABLES `agente_mapa_meta` WRITE;
/*!40000 ALTER TABLE `agente_mapa_meta` DISABLE KEYS */;
INSERT INTO `agente_mapa_meta` VALUES (78,1,'Ascent','S','Dash sobre mid y A site permite Op plays agresivos y salida limpia.'),(79,16,'Ascent','S','Humos globales cubren mid, A main y B main desde cualquier rincón.'),(80,22,'Ascent','S','Lockdown ulti cierra A site y turret anchorea B de forma casi gratis.'),(81,8,'Ascent','S','Lineups de recon y hunter’s fury barren mid, catwalk y ambos sitios.'),(82,11,'Ascent','A','Flashes rectas de mid y knife suppression rompe setups de Killjoy/Cypher.'),(83,21,'Ascent','A','Cámara en heaven y tripwire en catwalk cubren mid y flancos.'),(84,23,'Ascent','A','Op hold en A main y tele para reposicionar frente a pushes rápidos.'),(85,3,'Ascent','A','Boombot limpia market y paint shells quiebran post-plant en ambos sitios.'),(86,19,'Ascent','A','Humos recargables y revive aguantan 1v1 tras trades en mid.'),(87,6,'Ascent','B','Slide a mid funciona, pero Jett sigue siendo mejor Op en este mapa.'),(88,4,'Ascent','B','Flash curve y wall ayudan en A main, aunque pierde frente a Jett.'),(89,9,'Ascent','B','Faults y ult útiles en A main, pero Ascent prefiere double recon.'),(90,3,'Bind','S','Boombot en hookah y satchels en teles hacen de Bind su mejor mapa.'),(91,14,'Bind','S','Tres humos simultáneos ejecutan cualquier sitio sin depender de alcance.'),(92,21,'Bind','S','Tripwires en teles A y B cubren los dos flancos más peligrosos del juego.'),(93,15,'Bind','A','Muro parte A short y molly post-plant imparable en B site.'),(94,11,'Bind','A','Flash y suppression desactivan Cypher/Viper en ejecutes a sitio.'),(95,10,'Bind','A','Perro de info y flashes largas rompen hookah y showers.'),(96,12,'Bind','A','Prowlers localizan en pasillos cerrados y haunt revela post-humo.'),(97,13,'Bind','A','Wingman plantea y Dizzy dispara flashes en ejecutes cortos.'),(98,4,'Bind','B','Flash curve y wall ayudan a tradear en hookah, pero carece de movilidad.'),(99,1,'Bind','B','Dash viable en A short, pero Raze domina los ejecutes cerrados.'),(100,22,'Bind','B','Trampas funcionan en B site, aunque Cypher cubre mejor los teles.'),(101,16,'Haven','S','Humos globales cubren tres sitios con rotaciones lentas, tele decisivo.'),(102,8,'Haven','S','Dart revela A long, C long y garage con un solo recon bolt.'),(103,1,'Haven','S','Dash para tomar A long u Op hold en C long sin riesgo de reposición.'),(104,19,'Haven','S','Humos recargables y revive salvan sitios mientras el equipo rota.'),(105,21,'Haven','A','Cam en garage y tripwires cubren los flancos largos de tres sitios.'),(106,22,'Haven','A','Anchor sólido en C long; ult cierra A site para retakes de 3.'),(107,9,'Haven','A','Faults y stuns abren C long y A short en pasillos estrechos.'),(108,12,'Haven','A','Haunt y prowlers limpian tres sitios y cubren rotaciones lentas.'),(109,10,'Haven','A','Flashes y perro de info ejecutan A short y C long con trades fáciles.'),(110,3,'Haven','B','Nades útiles en A short, pero Jett aprovecha mejor la Op.'),(111,17,'Haven','B','Control global viable, aunque Omen y Clove dan más impacto individual.'),(112,11,'Haven','B','Supresión molesta al Cypher defensor, roster ya saturado de iniciadores.'),(113,15,'Breeze','S','Muro gigante parte A cave y mid, molly decay fija post-plants.'),(114,1,'Breeze','S','Dash y updraft crean Op holds agresivos en ángulos larguísimos.'),(115,23,'Breeze','S','Op estable a larga distancia y tele de emergencia ante flanks.'),(116,8,'Breeze','S','Dart cubre A cave, mid doors y B site desde un único pixel.'),(117,21,'Breeze','A','Tripwires en tubos de A y mid cortan los dos flancos principales.'),(118,18,'Breeze','A','Muros de agua complementan a Viper y tapan angulos en ejecute de A.'),(119,10,'Breeze','A','Perro de info y heal crítico en un mapa con trades lentos.'),(120,11,'Breeze','A','Knife supresión rompe a Viper y Cypher en ejecutes largos.'),(121,13,'Breeze','B','Wingman plantea en site abierto, pero Sova recon es superior.'),(122,6,'Breeze','B','Velocidad para rotar, aunque Jett y Raze son mejores duelists aquí.'),(123,3,'Breeze','B','Satchels cubren mucho terreno, pero no gana los duelos de Op.'),(124,15,'Icebox','S','Muro vertical y molly indispensables por la verticalidad del mapa.'),(125,8,'Icebox','S','Recon dart y hunter’s fury dominan mid y B site abiertos.'),(126,20,'Icebox','S','Muro eleva a nest y corta B kitchen, wall clutch post-plant en A.'),(127,1,'Icebox','S','Updraft+dash suben a yellow y nest para Op holds imposibles de replicar.'),(128,22,'Icebox','A','Turret y trampas blindan B site, ult fuerza el defuse en retakes.'),(129,23,'Icebox','A','Op hold en B tubes y tele para rotar entre mid y screens.'),(130,18,'Icebox','A','Muros extensos cubren A site abierto cuando Viper se gasta.'),(131,10,'Icebox','A','Heal y flashes compensan trades lentos en un mapa con Op pesado.'),(132,21,'Icebox','B','Tripwires viables en B kitchen, Killjoy rinde mejor en sitios abiertos.'),(133,12,'Icebox','B','Prowlers ayudan en mid, pero Sova sigue siendo el iniciador top.'),(134,3,'Icebox','B','Satchels para subir a yellow decentes, Jett domina los Op holds.'),(135,3,'Split','S','Boombot y nades devastan pasillos cerrados, satchel sube a A ramps.'),(136,16,'Split','S','Humos precisos en mid y ambos sitios, tele flanquea por vents.'),(137,20,'Split','S','Muro corta mid y ralentiza pushes, slow orbs cubren rotaciones cortas.'),(138,21,'Split','S','Cam en mid y tripwires en vents anulan flancos constantes.'),(139,9,'Split','A','Stuns y aftershock rompen defensas en A main y B mail.'),(140,10,'Split','A','Flashes curvas perfectas para A main, heal tras entradas brutales.'),(141,14,'Split','A','Humos simultáneos y molly ejecutan sitios pequeños sin problema.'),(142,12,'Split','A','Prowlers limpian mid mail y heaven, haunt revela anchors.'),(143,6,'Split','A','Slide por mid rompe el timing de los defensores en A main.'),(144,1,'Split','B','Dash a A ramps viable, pero Raze saca más valor de los espacios cerrados.'),(145,22,'Split','B','Setup en B site sólido, Cypher cubre mejor los flancos de vents.'),(146,3,'Lotus','S','Granadas rebotan en C hall y A main estrechos, boombot limpia waterfall.'),(147,15,'Lotus','S','Muro dobla defensa de A site y molly corta C mound en post-plant.'),(148,22,'Lotus','S','Ult cierra sitio en retake de 3 sites y trampas blindan C link.'),(149,16,'Lotus','A','Humos globales y tele rotan entre tres sitios con puertas rotatorias.'),(150,12,'Lotus','A','Haunt revela detrás de puertas giratorias y prowlers ciegan ejecutes.'),(151,10,'Lotus','A','Flashes y perro de info críticos para tres sitios con trades lentos.'),(152,9,'Lotus','A','Stuns y faults rompen defensas en A main y C hall estrechos.'),(153,18,'Lotus','A','Segundo controller viable, muros cubren ejecute C y A link.'),(154,1,'Lotus','A','Dash de A main para Op agresiva, updraft a pillars clutch.'),(155,11,'Lotus','B','Knife suppression rompe Killjoy/Viper, pero compite con Fade y Skye.'),(156,21,'Lotus','B','Cam en C mound y tripwires en tree, Killjoy suele ganar el slot.'),(157,9,'Fracture','S','Mapa lineal diseñado para faults y stuns, must-pick absoluto.'),(158,3,'Fracture','S','Satchels a dish y A site, nades en pasillos estrechos de ambos lados.'),(159,6,'Fracture','S','Slide por zipline acelera entries y rotaciones H-spawn en segundos.'),(160,14,'Fracture','A','Humos rápidos y molly ejecutan A dish y B arcade sin exceso de rango.'),(161,12,'Fracture','A','Haunt y prowlers barren A dish y B site; ult limpia post-humo.'),(162,8,'Fracture','A','Darts de arcade y dish revelan anchors pese a la geometría torcida.'),(163,22,'Fracture','A','Ult fuerza el defuse en sitios pequeños, turret cierra B arcade.'),(164,19,'Fracture','A','Humos recargables y revive mantienen presencia en sitios pequeños.'),(165,23,'Fracture','B','Op hold en A main con tele de escape, pero el kit sufre fuera del site.'),(166,21,'Fracture','B','Tripwires en ziplines útiles, Killjoy saca más valor en sitios chicos.'),(167,15,'Fracture','B','Molly post-plant viable, Brim y Omen rinden más en rotaciones cortas.'),(168,17,'Pearl','S','Estrellas globales sin tele propia del mapa: controla mid y site a la vez.'),(169,23,'Pearl','S','Op hold en mid y connector, tele cubre la ausencia de rotaciones rápidas.'),(170,12,'Pearl','S','Prowlers y haunt esenciales en mid cerrado con muchos rincones.'),(171,18,'Pearl','A','Muros de agua cubren ejecutes largos de A main y B link.'),(172,1,'Pearl','A','Dash para entries en A main y B link, updraft a pocket.'),(173,6,'Pearl','A','Slide por mid rompe Chamber y crea entries rápidas a site.'),(174,3,'Pearl','A','Nades en dugout y B site, satchels para subir a pocket y heaven.'),(175,21,'Pearl','A','Cam en mid y trips en A dugout neutralizan flancos constantes.'),(176,24,'Pearl','A','Sensor y wall retrasan flancos por mid y ganan tiempo de rotación.'),(177,19,'Pearl','B','Humos recargables útiles, Astra sigue siendo el controlador rey aquí.'),(178,15,'Pearl','B','Muro en A main viable, Harbor cubre mejor las rotaciones cortas.'),(179,16,'Sunset','S','Humos globales cubren A main, mid y B market; tele a elevados clutch.'),(180,21,'Sunset','S','Cam en market y tripwires en A alley: pareja casi 100% pick en pro.'),(181,3,'Sunset','S','Boombot en A main y satchel a B market devastan el mapa corto.'),(182,14,'Sunset','A','Alcance limitado deja de ser problema: humos y molly ejecutan cualquier site.'),(183,4,'Sunset','A','Flash curve en mid y wall en A main sostienen entries repetidos.'),(184,12,'Sunset','A','Prowlers y haunt limpian mid top y B market cerrado.'),(185,1,'Sunset','A','Dash por A main y mid para Op holds con salida rápida.'),(186,19,'Sunset','A','Humos recargables y revive alargan defensa en sitios compactos.'),(187,8,'Sunset','A','Darts de mid top y A main revelan anchors en un mid muy disputado.'),(188,22,'Sunset','B','Ult en B market sólido, pero Cypher cubre mejor los flancos largos.'),(189,9,'Sunset','B','Faults y stuns quiebran mid, compite con Fade por el slot iniciador.'),(190,22,'Abyss','S','Turret y trampas cerca de huecos empujan enemigos al vacío.'),(191,19,'Abyss','S','Humos recargables y revive aguantan rotaciones larguísimas.'),(192,17,'Abyss','S','Gravity well arrastra enemigos hacia el abismo; estrellas cubren todo el mapa.'),(193,1,'Abyss','A','Updraft asegura Op holds en A main y B main sin miedo al fall damage.'),(194,8,'Abyss','A','Recon bolt atraviesa los techos abiertos y cubre sitios vastos.'),(195,21,'Abyss','A','Tripwires en bordes detectan pushes y empujan al vacío a los descuidados.'),(196,4,'Abyss','A','Wall sobre el vacío bloquea ángulos y heal sostiene entradas largas.'),(197,25,'Abyss','A','Razorvine en bordes y trampas de arma cubren sitios con poca cobertura.'),(198,16,'Abyss','A','Humos rápidos y tele agresivo sobre elevaciones frente al abismo.'),(199,9,'Abyss','B','Faults útiles, pero la falta de paredes completas reduce su alcance.'),(200,3,'Abyss','B','Boombot viable en bordes, pero pierde en rotaciones muy largas.');
/*!40000 ALTER TABLE `agente_mapa_meta` ENABLE KEYS */;
UNLOCK TABLES;

--
-- Table structure for table `amistad`
--

DROP TABLE IF EXISTS `amistad`;
/*!40101 SET @saved_cs_client     = @@character_set_client */;
/*!40101 SET character_set_client = utf8 */;
CREATE TABLE `amistad` (
  `id` int(11) NOT NULL AUTO_INCREMENT,
  `emisor_id` int(11) NOT NULL,
  `receptor_id` int(11) NOT NULL,
  `estado` enum('pendiente','aceptada','rechazada') NOT NULL DEFAULT 'pendiente',
  `creado_en` timestamp NOT NULL DEFAULT current_timestamp(),
  `resuelto_en` timestamp NULL DEFAULT NULL,
  PRIMARY KEY (`id`),
  UNIQUE KEY `uk_emisor_receptor` (`emisor_id`,`receptor_id`),
  KEY `idx_receptor_estado` (`receptor_id`,`estado`),
  KEY `idx_emisor_estado` (`emisor_id`,`estado`),
  CONSTRAINT `fk_amistad_emisor` FOREIGN KEY (`emisor_id`) REFERENCES `usuario` (`id`) ON DELETE CASCADE,
  CONSTRAINT `fk_amistad_receptor` FOREIGN KEY (`receptor_id`) REFERENCES `usuario` (`id`) ON DELETE CASCADE
) ENGINE=InnoDB AUTO_INCREMENT=11 DEFAULT CHARSET=utf8mb4 COLLATE=utf8mb4_unicode_ci;
/*!40101 SET character_set_client = @saved_cs_client */;

--
-- Dumping data for table `amistad`
--

LOCK TABLES `amistad` WRITE;
/*!40000 ALTER TABLE `amistad` DISABLE KEYS */;
INSERT INTO `amistad` VALUES (2,19,20,'pendiente','2026-04-18 22:08:05',NULL),(3,17,20,'pendiente','2026-04-18 16:08:05',NULL),(4,15,20,'pendiente','2026-04-18 00:08:05',NULL),(5,20,9,'pendiente','2026-04-18 21:08:05',NULL),(6,20,11,'pendiente','2026-04-18 23:38:05',NULL),(7,20,8,'aceptada','2026-04-09 00:08:05','2026-04-10 00:08:05'),(8,6,20,'aceptada','2026-04-04 00:08:05','2026-04-05 00:08:05'),(9,20,13,'aceptada','2026-04-14 00:08:05','2026-04-14 00:08:05'),(10,4,20,'aceptada','2026-03-30 00:08:05','2026-03-31 00:08:05');
/*!40000 ALTER TABLE `amistad` ENABLE KEYS */;
UNLOCK TABLES;

--
-- Table structure for table `entrenamiento_opcion`
--

DROP TABLE IF EXISTS `entrenamiento_opcion`;
/*!40101 SET @saved_cs_client     = @@character_set_client */;
/*!40101 SET character_set_client = utf8 */;
CREATE TABLE `entrenamiento_opcion` (
  `id` int(11) NOT NULL AUTO_INCREMENT,
  `rango` enum('Iron','Bronze','Silver','Gold','Platinum','Diamond','Ascendant','Immortal','Radiant') NOT NULL,
  `categoria` enum('aim','movilidad','disparo','utilidad','game_sense') NOT NULL,
  `titulo` varchar(150) NOT NULL,
  `contenido` text NOT NULL,
  `video_url` varchar(255) DEFAULT NULL,
  PRIMARY KEY (`id`),
  KEY `idx_rango_categoria` (`rango`,`categoria`)
) ENGINE=InnoDB AUTO_INCREMENT=361 DEFAULT CHARSET=utf8mb4 COLLATE=utf8mb4_unicode_ci;
/*!40101 SET character_set_client = @saved_cs_client */;

--
-- Dumping data for table `entrenamiento_opcion`
--

LOCK TABLES `entrenamiento_opcion` WRITE;
/*!40000 ALTER TABLE `entrenamiento_opcion` DISABLE KEYS */;
INSERT INTO `entrenamiento_opcion` VALUES (1,'Iron','aim','Colocación de mira en esquinas (Iron)','Practica apuntar siempre a la altura de la cabeza en cada esquina antes de asomar. Mapa: The Range o Aim Labs. Adaptación Iron: Enfoque en lo básico: repetición lenta y correcta, sin presión de tiempo. Duración recomendada: 20 min.',NULL),(2,'Iron','aim','Flick shots a la cabeza (Iron)','Calienta con 3 tandas de flicks rápidos en Aim Labs (Gridshot Precision). Céntrate en detenerte en la diana, no pasarte. Adaptación Iron: Enfoque en lo básico: repetición lenta y correcta, sin presión de tiempo. Duración recomendada: 20 min.',NULL),(3,'Iron','aim','Tracking contra objetivos móviles (Iron)','Sigue a bots moviéndose horizontalmente sin disparar durante 5 min, luego añade ráfagas cortas. Adaptación Iron: Enfoque en lo básico: repetición lenta y correcta, sin presión de tiempo. Duración recomendada: 20 min.',NULL),(4,'Iron','aim','Microajustes tras strafear (Iron)','Entra al Range, corre 2 pasos, para en seco y dispara. Repite 100 veces. Adaptación Iron: Enfoque en lo básico: repetición lenta y correcta, sin presión de tiempo. Duración recomendada: 20 min.',NULL),(5,'Iron','aim','Transiciones entre enemigos (Iron)','Coloca 2 bots separados, alterna headshots. Objetivo: bajar el tiempo entre kills. Adaptación Iron: Enfoque en lo básico: repetición lenta y correcta, sin presión de tiempo. Duración recomendada: 20 min.',NULL),(6,'Iron','aim','Pre-aim en ángulos comunes (Iron)','Camina por el mapa apuntando a posiciones típicas antes de verlas (ej: window en Ascent, door en Bind). Adaptación Iron: Enfoque en lo básico: repetición lenta y correcta, sin presión de tiempo. Duración recomendada: 20 min.',NULL),(7,'Iron','aim','Control de mira en swings (Iron)','Haz wide swings a bots quietos manteniendo la mira a la altura de la cabeza durante todo el movimiento. Adaptación Iron: Enfoque en lo básico: repetición lenta y correcta, sin presión de tiempo. Duración recomendada: 20 min.',NULL),(8,'Iron','aim','Reset post-kill (Iron)','Tras cada kill, corrige la mira al siguiente ángulo sin pausa. Entrena con 4 bots en línea. Adaptación Iron: Enfoque en lo básico: repetición lenta y correcta, sin presión de tiempo. Duración recomendada: 20 min.',NULL),(9,'Iron','movilidad','Counter-strafe limpio (Iron)','Pulsa la tecla contraria a la dirección en la que corres antes de disparar. Precisión sube 50% si lo haces bien. Adaptación Iron: Enfoque en lo básico: repetición lenta y correcta, sin presión de tiempo. Duración recomendada: 20 min.',NULL),(10,'Iron','movilidad','Jiggle peek rápido (Iron)','Asomarte y volver a cubrirte en menos de 0.3 s para sacar info sin morir. Adaptación Iron: Enfoque en lo básico: repetición lenta y correcta, sin presión de tiempo. Duración recomendada: 20 min.',NULL),(11,'Iron','movilidad','Wide swing vs close swing (Iron)','Decide según el ángulo: wide para Operator, close para angles cerrados. Practica ambos 10 min. Adaptación Iron: Enfoque en lo básico: repetición lenta y correcta, sin presión de tiempo. Duración recomendada: 20 min.',NULL),(12,'Iron','movilidad','Strafing durante el tiroteo (Iron)','Mueve A-D-A-D combinando con counter-strafe. No dispares en movimiento continuo. Adaptación Iron: Enfoque en lo básico: repetición lenta y correcta, sin presión de tiempo. Duración recomendada: 20 min.',NULL),(13,'Iron','movilidad','Movimiento silencioso (Iron)','Alterna andar (shift) y correr. Los pasos dan info al enemigo: úsalo a tu favor con fakes. Adaptación Iron: Enfoque en lo básico: repetición lenta y correcta, sin presión de tiempo. Duración recomendada: 20 min.',NULL),(14,'Iron','movilidad','Uso de dash o habilidad de movimiento (Iron)','Para agentes con dash (Jett, Neon, Raze): practica entries con dash + disparo justo al aterrizar. Adaptación Iron: Enfoque en lo básico: repetición lenta y correcta, sin presión de tiempo. Duración recomendada: 20 min.',NULL),(15,'Iron','movilidad','Rotaciones rápidas entre sitios (Iron)','Cronometra tus rotaciones mid-to-A y mid-to-B. Meta: menos de 12 segundos. Adaptación Iron: Enfoque en lo básico: repetición lenta y correcta, sin presión de tiempo. Duración recomendada: 20 min.',NULL),(16,'Iron','movilidad','Posicionamiento sin chocar con aliados (Iron)','En Range con 4 aliados simulados, encuentra ángulos que no estorben crossfire. Adaptación Iron: Enfoque en lo básico: repetición lenta y correcta, sin presión de tiempo. Duración recomendada: 20 min.',NULL),(17,'Iron','disparo','Ráfagas cortas a media distancia (Iron)','Phantom/Vandal en ráfagas de 3 balas a 15-25 metros. Precisión objetivo: 60%+. Adaptación Iron: Enfoque en lo básico: repetición lenta y correcta, sin presión de tiempo. Duración recomendada: 20 min.',NULL),(18,'Iron','disparo','Disparo a dos toques a larga distancia (Iron)','Tap-tap a 30+ metros esperando 0.3 s entre disparos para reset de spread. Adaptación Iron: Enfoque en lo básico: repetición lenta y correcta, sin presión de tiempo. Duración recomendada: 20 min.',NULL),(19,'Iron','disparo','Control de spray del Vandal (Iron)','Vacía cargador completo en pared, memoriza el patrón. Compensa arrastrando hacia abajo-izquierda. Adaptación Iron: Enfoque en lo básico: repetición lenta y correcta, sin presión de tiempo. Duración recomendada: 20 min.',NULL),(20,'Iron','disparo','Control de spray del Phantom (Iron)','Igual que Vandal pero con pattern propio, más fácil de controlar. 30 repeticiones. Adaptación Iron: Enfoque en lo básico: repetición lenta y correcta, sin presión de tiempo. Duración recomendada: 20 min.',NULL),(21,'Iron','disparo','Headshots con pistolas (Iron)','Ghost y Sheriff: 10 minutos de deathmatch sólo pistolas, solo headshots. Adaptación Iron: Enfoque en lo básico: repetición lenta y correcta, sin presión de tiempo. Duración recomendada: 20 min.',NULL),(22,'Iron','disparo','Apertura con Operator (Iron)','Hold estático en ángulo largo, 1 disparo y reposicionar. No holdear dos veces el mismo ángulo. Adaptación Iron: Enfoque en lo básico: repetición lenta y correcta, sin presión de tiempo. Duración recomendada: 20 min.',NULL),(23,'Iron','disparo','Tapping a larga distancia (Iron)','Dispara 1 bala, espera a que la mira reset, vuelve a disparar. Fundamental en 1v1 a larga. Adaptación Iron: Enfoque en lo básico: repetición lenta y correcta, sin presión de tiempo. Duración recomendada: 20 min.',NULL),(24,'Iron','disparo','Economía: eco, pistola y full-buy (Iron)','Estudia las 3 situaciones: cuándo ahorrar, cuándo forzar y cuándo full-buy según ronda. Adaptación Iron: Enfoque en lo básico: repetición lenta y correcta, sin presión de tiempo. Duración recomendada: 20 min.',NULL),(25,'Iron','utilidad','Humos básicos de controlador (Iron)','Aprende 3 humos default por sitio con tu controller principal (Omen, Brimstone o Viper). Adaptación Iron: Enfoque en lo básico: repetición lenta y correcta, sin presión de tiempo. Duración recomendada: 20 min.',NULL),(26,'Iron','utilidad','Flashes pop en esquinas (Iron)','Flash curveada justo tras la esquina para cegar sin mostrarte. Practica con KAY/O, Skye o Phoenix. Adaptación Iron: Enfoque en lo básico: repetición lenta y correcta, sin presión de tiempo. Duración recomendada: 20 min.',NULL),(27,'Iron','utilidad','Recon darts seguros (Iron)','Con Sova o Fade: lanza recon desde cover sin exponerte. Aprende 2 lineups por mapa. Adaptación Iron: Enfoque en lo básico: repetición lenta y correcta, sin presión de tiempo. Duración recomendada: 20 min.',NULL),(28,'Iron','utilidad','Molly post-plant (Iron)','Molly que cubre la spike tras plant. Evita desactivaciones silenciosas. Adaptación Iron: Enfoque en lo básico: repetición lenta y correcta, sin presión de tiempo. Duración recomendada: 20 min.',NULL),(29,'Iron','utilidad','Utilidad defensiva en sitio (Iron)','Sage wall y Killjoy turret: aprende posiciones que retrasan un push completo 10+ segundos. Adaptación Iron: Enfoque en lo básico: repetición lenta y correcta, sin presión de tiempo. Duración recomendada: 20 min.',NULL),(30,'Iron','utilidad','Sincronización de utilidad en equipo (Iron)','Flash + entry al mismo tiempo. Cuenta en voz alta \"3-2-1 flash\" antes de lanzar. Adaptación Iron: Enfoque en lo básico: repetición lenta y correcta, sin presión de tiempo. Duración recomendada: 20 min.',NULL),(31,'Iron','utilidad','Gestión de ultimate (Iron)','No gastes ult en ronda ganada. Aprende valor económico de cada ult (Judgment, Showstopper, etc). Adaptación Iron: Enfoque en lo básico: repetición lenta y correcta, sin presión de tiempo. Duración recomendada: 20 min.',NULL),(32,'Iron','utilidad','Fakes con utilidad (Iron)','Utiliza humos y flashes en sitio B para forzar rotación enemiga, luego ejecuta A. Adaptación Iron: Enfoque en lo básico: repetición lenta y correcta, sin presión de tiempo. Duración recomendada: 20 min.',NULL),(33,'Iron','game_sense','Callouts básicos del mapa (Iron)','Aprende los 15 callouts principales de cada mapa. Sin callouts claros no hay coordinación. Adaptación Iron: Enfoque en lo básico: repetición lenta y correcta, sin presión de tiempo. Duración recomendada: 20 min.',NULL),(34,'Iron','game_sense','Timings de rotación (Iron)','Cronometra cuánto tarda el enemigo en llegar desde mid a tu sitio. Úsalo para decidir rotaciones. Adaptación Iron: Enfoque en lo básico: repetición lenta y correcta, sin presión de tiempo. Duración recomendada: 20 min.',NULL),(35,'Iron','game_sense','Lectura del audio enemigo (Iron)','Dedica 5 min de partida con volumen alto a IDENTIFICAR sonidos (pasos, reloads, utility). Adaptación Iron: Enfoque en lo básico: repetición lenta y correcta, sin presión de tiempo. Duración recomendada: 20 min.',NULL),(36,'Iron','game_sense','Decisiones de plant o default (Iron)','Con tiempo >30s y sitio libre: default. Con presión: plant inmediato y post-plant. Adaptación Iron: Enfoque en lo básico: repetición lenta y correcta, sin presión de tiempo. Duración recomendada: 20 min.',NULL),(37,'Iron','game_sense','Clutch 1vX (Iron)','Separa enemigos, usa utilidad para aislar uno y obliga duelos 1v1 secuenciales. Adaptación Iron: Enfoque en lo básico: repetición lenta y correcta, sin presión de tiempo. Duración recomendada: 20 min.',NULL),(38,'Iron','game_sense','Info post-kill (Iron)','Tras un kill, revela a tu equipo: \"one down A main, low HP\". Nunca mates en silencio. Adaptación Iron: Enfoque en lo básico: repetición lenta y correcta, sin presión de tiempo. Duración recomendada: 20 min.',NULL),(39,'Iron','game_sense','Lectura de la economía enemiga (Iron)','Cuenta armas y ulti enemigas. Si van eco, juega seguro. Si full-buy, anti-eco no aplica. Adaptación Iron: Enfoque en lo básico: repetición lenta y correcta, sin presión de tiempo. Duración recomendada: 20 min.',NULL),(40,'Iron','game_sense','Adaptación al meta del oponente (Iron)','Si el enemigo repite la misma estrategia 2 rondas, cambia tu setup defensivo para contrarrestar. Adaptación Iron: Enfoque en lo básico: repetición lenta y correcta, sin presión de tiempo. Duración recomendada: 20 min.',NULL),(41,'Bronze','aim','Colocación de mira en esquinas (Bronze)','Practica apuntar siempre a la altura de la cabeza en cada esquina antes de asomar. Mapa: The Range o Aim Labs. Adaptación Bronze: Sube ligeramente la velocidad y alterna objetivos estáticos y uno en movimiento. Duración recomendada: 25 min.',NULL),(42,'Bronze','aim','Flick shots a la cabeza (Bronze)','Calienta con 3 tandas de flicks rápidos en Aim Labs (Gridshot Precision). Céntrate en detenerte en la diana, no pasarte. Adaptación Bronze: Sube ligeramente la velocidad y alterna objetivos estáticos y uno en movimiento. Duración recomendada: 25 min.',NULL),(43,'Bronze','aim','Tracking contra objetivos móviles (Bronze)','Sigue a bots moviéndose horizontalmente sin disparar durante 5 min, luego añade ráfagas cortas. Adaptación Bronze: Sube ligeramente la velocidad y alterna objetivos estáticos y uno en movimiento. Duración recomendada: 25 min.',NULL),(44,'Bronze','aim','Microajustes tras strafear (Bronze)','Entra al Range, corre 2 pasos, para en seco y dispara. Repite 100 veces. Adaptación Bronze: Sube ligeramente la velocidad y alterna objetivos estáticos y uno en movimiento. Duración recomendada: 25 min.',NULL),(45,'Bronze','aim','Transiciones entre enemigos (Bronze)','Coloca 2 bots separados, alterna headshots. Objetivo: bajar el tiempo entre kills. Adaptación Bronze: Sube ligeramente la velocidad y alterna objetivos estáticos y uno en movimiento. Duración recomendada: 25 min.',NULL),(46,'Bronze','aim','Pre-aim en ángulos comunes (Bronze)','Camina por el mapa apuntando a posiciones típicas antes de verlas (ej: window en Ascent, door en Bind). Adaptación Bronze: Sube ligeramente la velocidad y alterna objetivos estáticos y uno en movimiento. Duración recomendada: 25 min.',NULL),(47,'Bronze','aim','Control de mira en swings (Bronze)','Haz wide swings a bots quietos manteniendo la mira a la altura de la cabeza durante todo el movimiento. Adaptación Bronze: Sube ligeramente la velocidad y alterna objetivos estáticos y uno en movimiento. Duración recomendada: 25 min.',NULL),(48,'Bronze','aim','Reset post-kill (Bronze)','Tras cada kill, corrige la mira al siguiente ángulo sin pausa. Entrena con 4 bots en línea. Adaptación Bronze: Sube ligeramente la velocidad y alterna objetivos estáticos y uno en movimiento. Duración recomendada: 25 min.',NULL),(49,'Bronze','movilidad','Counter-strafe limpio (Bronze)','Pulsa la tecla contraria a la dirección en la que corres antes de disparar. Precisión sube 50% si lo haces bien. Adaptación Bronze: Sube ligeramente la velocidad y alterna objetivos estáticos y uno en movimiento. Duración recomendada: 25 min.',NULL),(50,'Bronze','movilidad','Jiggle peek rápido (Bronze)','Asomarte y volver a cubrirte en menos de 0.3 s para sacar info sin morir. Adaptación Bronze: Sube ligeramente la velocidad y alterna objetivos estáticos y uno en movimiento. Duración recomendada: 25 min.',NULL),(51,'Bronze','movilidad','Wide swing vs close swing (Bronze)','Decide según el ángulo: wide para Operator, close para angles cerrados. Practica ambos 10 min. Adaptación Bronze: Sube ligeramente la velocidad y alterna objetivos estáticos y uno en movimiento. Duración recomendada: 25 min.',NULL),(52,'Bronze','movilidad','Strafing durante el tiroteo (Bronze)','Mueve A-D-A-D combinando con counter-strafe. No dispares en movimiento continuo. Adaptación Bronze: Sube ligeramente la velocidad y alterna objetivos estáticos y uno en movimiento. Duración recomendada: 25 min.',NULL),(53,'Bronze','movilidad','Movimiento silencioso (Bronze)','Alterna andar (shift) y correr. Los pasos dan info al enemigo: úsalo a tu favor con fakes. Adaptación Bronze: Sube ligeramente la velocidad y alterna objetivos estáticos y uno en movimiento. Duración recomendada: 25 min.',NULL),(54,'Bronze','movilidad','Uso de dash o habilidad de movimiento (Bronze)','Para agentes con dash (Jett, Neon, Raze): practica entries con dash + disparo justo al aterrizar. Adaptación Bronze: Sube ligeramente la velocidad y alterna objetivos estáticos y uno en movimiento. Duración recomendada: 25 min.',NULL),(55,'Bronze','movilidad','Rotaciones rápidas entre sitios (Bronze)','Cronometra tus rotaciones mid-to-A y mid-to-B. Meta: menos de 12 segundos. Adaptación Bronze: Sube ligeramente la velocidad y alterna objetivos estáticos y uno en movimiento. Duración recomendada: 25 min.',NULL),(56,'Bronze','movilidad','Posicionamiento sin chocar con aliados (Bronze)','En Range con 4 aliados simulados, encuentra ángulos que no estorben crossfire. Adaptación Bronze: Sube ligeramente la velocidad y alterna objetivos estáticos y uno en movimiento. Duración recomendada: 25 min.',NULL),(57,'Bronze','disparo','Ráfagas cortas a media distancia (Bronze)','Phantom/Vandal en ráfagas de 3 balas a 15-25 metros. Precisión objetivo: 60%+. Adaptación Bronze: Sube ligeramente la velocidad y alterna objetivos estáticos y uno en movimiento. Duración recomendada: 25 min.',NULL),(58,'Bronze','disparo','Disparo a dos toques a larga distancia (Bronze)','Tap-tap a 30+ metros esperando 0.3 s entre disparos para reset de spread. Adaptación Bronze: Sube ligeramente la velocidad y alterna objetivos estáticos y uno en movimiento. Duración recomendada: 25 min.',NULL),(59,'Bronze','disparo','Control de spray del Vandal (Bronze)','Vacía cargador completo en pared, memoriza el patrón. Compensa arrastrando hacia abajo-izquierda. Adaptación Bronze: Sube ligeramente la velocidad y alterna objetivos estáticos y uno en movimiento. Duración recomendada: 25 min.',NULL),(60,'Bronze','disparo','Control de spray del Phantom (Bronze)','Igual que Vandal pero con pattern propio, más fácil de controlar. 30 repeticiones. Adaptación Bronze: Sube ligeramente la velocidad y alterna objetivos estáticos y uno en movimiento. Duración recomendada: 25 min.',NULL),(61,'Bronze','disparo','Headshots con pistolas (Bronze)','Ghost y Sheriff: 10 minutos de deathmatch sólo pistolas, solo headshots. Adaptación Bronze: Sube ligeramente la velocidad y alterna objetivos estáticos y uno en movimiento. Duración recomendada: 25 min.',NULL),(62,'Bronze','disparo','Apertura con Operator (Bronze)','Hold estático en ángulo largo, 1 disparo y reposicionar. No holdear dos veces el mismo ángulo. Adaptación Bronze: Sube ligeramente la velocidad y alterna objetivos estáticos y uno en movimiento. Duración recomendada: 25 min.',NULL),(63,'Bronze','disparo','Tapping a larga distancia (Bronze)','Dispara 1 bala, espera a que la mira reset, vuelve a disparar. Fundamental en 1v1 a larga. Adaptación Bronze: Sube ligeramente la velocidad y alterna objetivos estáticos y uno en movimiento. Duración recomendada: 25 min.',NULL),(64,'Bronze','disparo','Economía: eco, pistola y full-buy (Bronze)','Estudia las 3 situaciones: cuándo ahorrar, cuándo forzar y cuándo full-buy según ronda. Adaptación Bronze: Sube ligeramente la velocidad y alterna objetivos estáticos y uno en movimiento. Duración recomendada: 25 min.',NULL),(65,'Bronze','utilidad','Humos básicos de controlador (Bronze)','Aprende 3 humos default por sitio con tu controller principal (Omen, Brimstone o Viper). Adaptación Bronze: Sube ligeramente la velocidad y alterna objetivos estáticos y uno en movimiento. Duración recomendada: 25 min.',NULL),(66,'Bronze','utilidad','Flashes pop en esquinas (Bronze)','Flash curveada justo tras la esquina para cegar sin mostrarte. Practica con KAY/O, Skye o Phoenix. Adaptación Bronze: Sube ligeramente la velocidad y alterna objetivos estáticos y uno en movimiento. Duración recomendada: 25 min.',NULL),(67,'Bronze','utilidad','Recon darts seguros (Bronze)','Con Sova o Fade: lanza recon desde cover sin exponerte. Aprende 2 lineups por mapa. Adaptación Bronze: Sube ligeramente la velocidad y alterna objetivos estáticos y uno en movimiento. Duración recomendada: 25 min.',NULL),(68,'Bronze','utilidad','Molly post-plant (Bronze)','Molly que cubre la spike tras plant. Evita desactivaciones silenciosas. Adaptación Bronze: Sube ligeramente la velocidad y alterna objetivos estáticos y uno en movimiento. Duración recomendada: 25 min.',NULL),(69,'Bronze','utilidad','Utilidad defensiva en sitio (Bronze)','Sage wall y Killjoy turret: aprende posiciones que retrasan un push completo 10+ segundos. Adaptación Bronze: Sube ligeramente la velocidad y alterna objetivos estáticos y uno en movimiento. Duración recomendada: 25 min.',NULL),(70,'Bronze','utilidad','Sincronización de utilidad en equipo (Bronze)','Flash + entry al mismo tiempo. Cuenta en voz alta \"3-2-1 flash\" antes de lanzar. Adaptación Bronze: Sube ligeramente la velocidad y alterna objetivos estáticos y uno en movimiento. Duración recomendada: 25 min.',NULL),(71,'Bronze','utilidad','Gestión de ultimate (Bronze)','No gastes ult en ronda ganada. Aprende valor económico de cada ult (Judgment, Showstopper, etc). Adaptación Bronze: Sube ligeramente la velocidad y alterna objetivos estáticos y uno en movimiento. Duración recomendada: 25 min.',NULL),(72,'Bronze','utilidad','Fakes con utilidad (Bronze)','Utiliza humos y flashes en sitio B para forzar rotación enemiga, luego ejecuta A. Adaptación Bronze: Sube ligeramente la velocidad y alterna objetivos estáticos y uno en movimiento. Duración recomendada: 25 min.',NULL),(73,'Bronze','game_sense','Callouts básicos del mapa (Bronze)','Aprende los 15 callouts principales de cada mapa. Sin callouts claros no hay coordinación. Adaptación Bronze: Sube ligeramente la velocidad y alterna objetivos estáticos y uno en movimiento. Duración recomendada: 25 min.',NULL),(74,'Bronze','game_sense','Timings de rotación (Bronze)','Cronometra cuánto tarda el enemigo en llegar desde mid a tu sitio. Úsalo para decidir rotaciones. Adaptación Bronze: Sube ligeramente la velocidad y alterna objetivos estáticos y uno en movimiento. Duración recomendada: 25 min.',NULL),(75,'Bronze','game_sense','Lectura del audio enemigo (Bronze)','Dedica 5 min de partida con volumen alto a IDENTIFICAR sonidos (pasos, reloads, utility). Adaptación Bronze: Sube ligeramente la velocidad y alterna objetivos estáticos y uno en movimiento. Duración recomendada: 25 min.',NULL),(76,'Bronze','game_sense','Decisiones de plant o default (Bronze)','Con tiempo >30s y sitio libre: default. Con presión: plant inmediato y post-plant. Adaptación Bronze: Sube ligeramente la velocidad y alterna objetivos estáticos y uno en movimiento. Duración recomendada: 25 min.',NULL),(77,'Bronze','game_sense','Clutch 1vX (Bronze)','Separa enemigos, usa utilidad para aislar uno y obliga duelos 1v1 secuenciales. Adaptación Bronze: Sube ligeramente la velocidad y alterna objetivos estáticos y uno en movimiento. Duración recomendada: 25 min.',NULL),(78,'Bronze','game_sense','Info post-kill (Bronze)','Tras un kill, revela a tu equipo: \"one down A main, low HP\". Nunca mates en silencio. Adaptación Bronze: Sube ligeramente la velocidad y alterna objetivos estáticos y uno en movimiento. Duración recomendada: 25 min.',NULL),(79,'Bronze','game_sense','Lectura de la economía enemiga (Bronze)','Cuenta armas y ulti enemigas. Si van eco, juega seguro. Si full-buy, anti-eco no aplica. Adaptación Bronze: Sube ligeramente la velocidad y alterna objetivos estáticos y uno en movimiento. Duración recomendada: 25 min.',NULL),(80,'Bronze','game_sense','Adaptación al meta del oponente (Bronze)','Si el enemigo repite la misma estrategia 2 rondas, cambia tu setup defensivo para contrarrestar. Adaptación Bronze: Sube ligeramente la velocidad y alterna objetivos estáticos y uno en movimiento. Duración recomendada: 25 min.',NULL),(81,'Silver','aim','Colocación de mira en esquinas (Silver)','Practica apuntar siempre a la altura de la cabeza en cada esquina antes de asomar. Mapa: The Range o Aim Labs. Adaptación Silver: Combina varias mecánicas a la vez y empieza a exigirte consistencia. Duración recomendada: 25 min.',NULL),(82,'Silver','aim','Flick shots a la cabeza (Silver)','Calienta con 3 tandas de flicks rápidos en Aim Labs (Gridshot Precision). Céntrate en detenerte en la diana, no pasarte. Adaptación Silver: Combina varias mecánicas a la vez y empieza a exigirte consistencia. Duración recomendada: 25 min.',NULL),(83,'Silver','aim','Tracking contra objetivos móviles (Silver)','Sigue a bots moviéndose horizontalmente sin disparar durante 5 min, luego añade ráfagas cortas. Adaptación Silver: Combina varias mecánicas a la vez y empieza a exigirte consistencia. Duración recomendada: 25 min.',NULL),(84,'Silver','aim','Microajustes tras strafear (Silver)','Entra al Range, corre 2 pasos, para en seco y dispara. Repite 100 veces. Adaptación Silver: Combina varias mecánicas a la vez y empieza a exigirte consistencia. Duración recomendada: 25 min.',NULL),(85,'Silver','aim','Transiciones entre enemigos (Silver)','Coloca 2 bots separados, alterna headshots. Objetivo: bajar el tiempo entre kills. Adaptación Silver: Combina varias mecánicas a la vez y empieza a exigirte consistencia. Duración recomendada: 25 min.',NULL),(86,'Silver','aim','Pre-aim en ángulos comunes (Silver)','Camina por el mapa apuntando a posiciones típicas antes de verlas (ej: window en Ascent, door en Bind). Adaptación Silver: Combina varias mecánicas a la vez y empieza a exigirte consistencia. Duración recomendada: 25 min.',NULL),(87,'Silver','aim','Control de mira en swings (Silver)','Haz wide swings a bots quietos manteniendo la mira a la altura de la cabeza durante todo el movimiento. Adaptación Silver: Combina varias mecánicas a la vez y empieza a exigirte consistencia. Duración recomendada: 25 min.',NULL),(88,'Silver','aim','Reset post-kill (Silver)','Tras cada kill, corrige la mira al siguiente ángulo sin pausa. Entrena con 4 bots en línea. Adaptación Silver: Combina varias mecánicas a la vez y empieza a exigirte consistencia. Duración recomendada: 25 min.',NULL),(89,'Silver','movilidad','Counter-strafe limpio (Silver)','Pulsa la tecla contraria a la dirección en la que corres antes de disparar. Precisión sube 50% si lo haces bien. Adaptación Silver: Combina varias mecánicas a la vez y empieza a exigirte consistencia. Duración recomendada: 25 min.',NULL),(90,'Silver','movilidad','Jiggle peek rápido (Silver)','Asomarte y volver a cubrirte en menos de 0.3 s para sacar info sin morir. Adaptación Silver: Combina varias mecánicas a la vez y empieza a exigirte consistencia. Duración recomendada: 25 min.',NULL),(91,'Silver','movilidad','Wide swing vs close swing (Silver)','Decide según el ángulo: wide para Operator, close para angles cerrados. Practica ambos 10 min. Adaptación Silver: Combina varias mecánicas a la vez y empieza a exigirte consistencia. Duración recomendada: 25 min.',NULL),(92,'Silver','movilidad','Strafing durante el tiroteo (Silver)','Mueve A-D-A-D combinando con counter-strafe. No dispares en movimiento continuo. Adaptación Silver: Combina varias mecánicas a la vez y empieza a exigirte consistencia. Duración recomendada: 25 min.',NULL),(93,'Silver','movilidad','Movimiento silencioso (Silver)','Alterna andar (shift) y correr. Los pasos dan info al enemigo: úsalo a tu favor con fakes. Adaptación Silver: Combina varias mecánicas a la vez y empieza a exigirte consistencia. Duración recomendada: 25 min.',NULL),(94,'Silver','movilidad','Uso de dash o habilidad de movimiento (Silver)','Para agentes con dash (Jett, Neon, Raze): practica entries con dash + disparo justo al aterrizar. Adaptación Silver: Combina varias mecánicas a la vez y empieza a exigirte consistencia. Duración recomendada: 25 min.',NULL),(95,'Silver','movilidad','Rotaciones rápidas entre sitios (Silver)','Cronometra tus rotaciones mid-to-A y mid-to-B. Meta: menos de 12 segundos. Adaptación Silver: Combina varias mecánicas a la vez y empieza a exigirte consistencia. Duración recomendada: 25 min.',NULL),(96,'Silver','movilidad','Posicionamiento sin chocar con aliados (Silver)','En Range con 4 aliados simulados, encuentra ángulos que no estorben crossfire. Adaptación Silver: Combina varias mecánicas a la vez y empieza a exigirte consistencia. Duración recomendada: 25 min.',NULL),(97,'Silver','disparo','Ráfagas cortas a media distancia (Silver)','Phantom/Vandal en ráfagas de 3 balas a 15-25 metros. Precisión objetivo: 60%+. Adaptación Silver: Combina varias mecánicas a la vez y empieza a exigirte consistencia. Duración recomendada: 25 min.',NULL),(98,'Silver','disparo','Disparo a dos toques a larga distancia (Silver)','Tap-tap a 30+ metros esperando 0.3 s entre disparos para reset de spread. Adaptación Silver: Combina varias mecánicas a la vez y empieza a exigirte consistencia. Duración recomendada: 25 min.',NULL),(99,'Silver','disparo','Control de spray del Vandal (Silver)','Vacía cargador completo en pared, memoriza el patrón. Compensa arrastrando hacia abajo-izquierda. Adaptación Silver: Combina varias mecánicas a la vez y empieza a exigirte consistencia. Duración recomendada: 25 min.',NULL),(100,'Silver','disparo','Control de spray del Phantom (Silver)','Igual que Vandal pero con pattern propio, más fácil de controlar. 30 repeticiones. Adaptación Silver: Combina varias mecánicas a la vez y empieza a exigirte consistencia. Duración recomendada: 25 min.',NULL),(101,'Silver','disparo','Headshots con pistolas (Silver)','Ghost y Sheriff: 10 minutos de deathmatch sólo pistolas, solo headshots. Adaptación Silver: Combina varias mecánicas a la vez y empieza a exigirte consistencia. Duración recomendada: 25 min.',NULL),(102,'Silver','disparo','Apertura con Operator (Silver)','Hold estático en ángulo largo, 1 disparo y reposicionar. No holdear dos veces el mismo ángulo. Adaptación Silver: Combina varias mecánicas a la vez y empieza a exigirte consistencia. Duración recomendada: 25 min.',NULL),(103,'Silver','disparo','Tapping a larga distancia (Silver)','Dispara 1 bala, espera a que la mira reset, vuelve a disparar. Fundamental en 1v1 a larga. Adaptación Silver: Combina varias mecánicas a la vez y empieza a exigirte consistencia. Duración recomendada: 25 min.',NULL),(104,'Silver','disparo','Economía: eco, pistola y full-buy (Silver)','Estudia las 3 situaciones: cuándo ahorrar, cuándo forzar y cuándo full-buy según ronda. Adaptación Silver: Combina varias mecánicas a la vez y empieza a exigirte consistencia. Duración recomendada: 25 min.',NULL),(105,'Silver','utilidad','Humos básicos de controlador (Silver)','Aprende 3 humos default por sitio con tu controller principal (Omen, Brimstone o Viper). Adaptación Silver: Combina varias mecánicas a la vez y empieza a exigirte consistencia. Duración recomendada: 25 min.',NULL),(106,'Silver','utilidad','Flashes pop en esquinas (Silver)','Flash curveada justo tras la esquina para cegar sin mostrarte. Practica con KAY/O, Skye o Phoenix. Adaptación Silver: Combina varias mecánicas a la vez y empieza a exigirte consistencia. Duración recomendada: 25 min.',NULL),(107,'Silver','utilidad','Recon darts seguros (Silver)','Con Sova o Fade: lanza recon desde cover sin exponerte. Aprende 2 lineups por mapa. Adaptación Silver: Combina varias mecánicas a la vez y empieza a exigirte consistencia. Duración recomendada: 25 min.',NULL),(108,'Silver','utilidad','Molly post-plant (Silver)','Molly que cubre la spike tras plant. Evita desactivaciones silenciosas. Adaptación Silver: Combina varias mecánicas a la vez y empieza a exigirte consistencia. Duración recomendada: 25 min.',NULL),(109,'Silver','utilidad','Utilidad defensiva en sitio (Silver)','Sage wall y Killjoy turret: aprende posiciones que retrasan un push completo 10+ segundos. Adaptación Silver: Combina varias mecánicas a la vez y empieza a exigirte consistencia. Duración recomendada: 25 min.',NULL),(110,'Silver','utilidad','Sincronización de utilidad en equipo (Silver)','Flash + entry al mismo tiempo. Cuenta en voz alta \"3-2-1 flash\" antes de lanzar. Adaptación Silver: Combina varias mecánicas a la vez y empieza a exigirte consistencia. Duración recomendada: 25 min.',NULL),(111,'Silver','utilidad','Gestión de ultimate (Silver)','No gastes ult en ronda ganada. Aprende valor económico de cada ult (Judgment, Showstopper, etc). Adaptación Silver: Combina varias mecánicas a la vez y empieza a exigirte consistencia. Duración recomendada: 25 min.',NULL),(112,'Silver','utilidad','Fakes con utilidad (Silver)','Utiliza humos y flashes en sitio B para forzar rotación enemiga, luego ejecuta A. Adaptación Silver: Combina varias mecánicas a la vez y empieza a exigirte consistencia. Duración recomendada: 25 min.',NULL),(113,'Silver','game_sense','Callouts básicos del mapa (Silver)','Aprende los 15 callouts principales de cada mapa. Sin callouts claros no hay coordinación. Adaptación Silver: Combina varias mecánicas a la vez y empieza a exigirte consistencia. Duración recomendada: 25 min.',NULL),(114,'Silver','game_sense','Timings de rotación (Silver)','Cronometra cuánto tarda el enemigo en llegar desde mid a tu sitio. Úsalo para decidir rotaciones. Adaptación Silver: Combina varias mecánicas a la vez y empieza a exigirte consistencia. Duración recomendada: 25 min.',NULL),(115,'Silver','game_sense','Lectura del audio enemigo (Silver)','Dedica 5 min de partida con volumen alto a IDENTIFICAR sonidos (pasos, reloads, utility). Adaptación Silver: Combina varias mecánicas a la vez y empieza a exigirte consistencia. Duración recomendada: 25 min.',NULL),(116,'Silver','game_sense','Decisiones de plant o default (Silver)','Con tiempo >30s y sitio libre: default. Con presión: plant inmediato y post-plant. Adaptación Silver: Combina varias mecánicas a la vez y empieza a exigirte consistencia. Duración recomendada: 25 min.',NULL),(117,'Silver','game_sense','Clutch 1vX (Silver)','Separa enemigos, usa utilidad para aislar uno y obliga duelos 1v1 secuenciales. Adaptación Silver: Combina varias mecánicas a la vez y empieza a exigirte consistencia. Duración recomendada: 25 min.',NULL),(118,'Silver','game_sense','Info post-kill (Silver)','Tras un kill, revela a tu equipo: \"one down A main, low HP\". Nunca mates en silencio. Adaptación Silver: Combina varias mecánicas a la vez y empieza a exigirte consistencia. Duración recomendada: 25 min.',NULL),(119,'Silver','game_sense','Lectura de la economía enemiga (Silver)','Cuenta armas y ulti enemigas. Si van eco, juega seguro. Si full-buy, anti-eco no aplica. Adaptación Silver: Combina varias mecánicas a la vez y empieza a exigirte consistencia. Duración recomendada: 25 min.',NULL),(120,'Silver','game_sense','Adaptación al meta del oponente (Silver)','Si el enemigo repite la misma estrategia 2 rondas, cambia tu setup defensivo para contrarrestar. Adaptación Silver: Combina varias mecánicas a la vez y empieza a exigirte consistencia. Duración recomendada: 25 min.',NULL),(121,'Gold','aim','Colocación de mira en esquinas (Gold)','Practica apuntar siempre a la altura de la cabeza en cada esquina antes de asomar. Mapa: The Range o Aim Labs. Adaptación Gold: Añade presión de tiempo y variaciones de distancia. Duración recomendada: 30 min.',NULL),(122,'Gold','aim','Flick shots a la cabeza (Gold)','Calienta con 3 tandas de flicks rápidos en Aim Labs (Gridshot Precision). Céntrate en detenerte en la diana, no pasarte. Adaptación Gold: Añade presión de tiempo y variaciones de distancia. Duración recomendada: 30 min.',NULL),(123,'Gold','aim','Tracking contra objetivos móviles (Gold)','Sigue a bots moviéndose horizontalmente sin disparar durante 5 min, luego añade ráfagas cortas. Adaptación Gold: Añade presión de tiempo y variaciones de distancia. Duración recomendada: 30 min.',NULL),(124,'Gold','aim','Microajustes tras strafear (Gold)','Entra al Range, corre 2 pasos, para en seco y dispara. Repite 100 veces. Adaptación Gold: Añade presión de tiempo y variaciones de distancia. Duración recomendada: 30 min.',NULL),(125,'Gold','aim','Transiciones entre enemigos (Gold)','Coloca 2 bots separados, alterna headshots. Objetivo: bajar el tiempo entre kills. Adaptación Gold: Añade presión de tiempo y variaciones de distancia. Duración recomendada: 30 min.',NULL),(126,'Gold','aim','Pre-aim en ángulos comunes (Gold)','Camina por el mapa apuntando a posiciones típicas antes de verlas (ej: window en Ascent, door en Bind). Adaptación Gold: Añade presión de tiempo y variaciones de distancia. Duración recomendada: 30 min.',NULL),(127,'Gold','aim','Control de mira en swings (Gold)','Haz wide swings a bots quietos manteniendo la mira a la altura de la cabeza durante todo el movimiento. Adaptación Gold: Añade presión de tiempo y variaciones de distancia. Duración recomendada: 30 min.',NULL),(128,'Gold','aim','Reset post-kill (Gold)','Tras cada kill, corrige la mira al siguiente ángulo sin pausa. Entrena con 4 bots en línea. Adaptación Gold: Añade presión de tiempo y variaciones de distancia. Duración recomendada: 30 min.',NULL),(129,'Gold','movilidad','Counter-strafe limpio (Gold)','Pulsa la tecla contraria a la dirección en la que corres antes de disparar. Precisión sube 50% si lo haces bien. Adaptación Gold: Añade presión de tiempo y variaciones de distancia. Duración recomendada: 30 min.',NULL),(130,'Gold','movilidad','Jiggle peek rápido (Gold)','Asomarte y volver a cubrirte en menos de 0.3 s para sacar info sin morir. Adaptación Gold: Añade presión de tiempo y variaciones de distancia. Duración recomendada: 30 min.',NULL),(131,'Gold','movilidad','Wide swing vs close swing (Gold)','Decide según el ángulo: wide para Operator, close para angles cerrados. Practica ambos 10 min. Adaptación Gold: Añade presión de tiempo y variaciones de distancia. Duración recomendada: 30 min.',NULL),(132,'Gold','movilidad','Strafing durante el tiroteo (Gold)','Mueve A-D-A-D combinando con counter-strafe. No dispares en movimiento continuo. Adaptación Gold: Añade presión de tiempo y variaciones de distancia. Duración recomendada: 30 min.',NULL),(133,'Gold','movilidad','Movimiento silencioso (Gold)','Alterna andar (shift) y correr. Los pasos dan info al enemigo: úsalo a tu favor con fakes. Adaptación Gold: Añade presión de tiempo y variaciones de distancia. Duración recomendada: 30 min.',NULL),(134,'Gold','movilidad','Uso de dash o habilidad de movimiento (Gold)','Para agentes con dash (Jett, Neon, Raze): practica entries con dash + disparo justo al aterrizar. Adaptación Gold: Añade presión de tiempo y variaciones de distancia. Duración recomendada: 30 min.',NULL),(135,'Gold','movilidad','Rotaciones rápidas entre sitios (Gold)','Cronometra tus rotaciones mid-to-A y mid-to-B. Meta: menos de 12 segundos. Adaptación Gold: Añade presión de tiempo y variaciones de distancia. Duración recomendada: 30 min.',NULL),(136,'Gold','movilidad','Posicionamiento sin chocar con aliados (Gold)','En Range con 4 aliados simulados, encuentra ángulos que no estorben crossfire. Adaptación Gold: Añade presión de tiempo y variaciones de distancia. Duración recomendada: 30 min.',NULL),(137,'Gold','disparo','Ráfagas cortas a media distancia (Gold)','Phantom/Vandal en ráfagas de 3 balas a 15-25 metros. Precisión objetivo: 60%+. Adaptación Gold: Añade presión de tiempo y variaciones de distancia. Duración recomendada: 30 min.',NULL),(138,'Gold','disparo','Disparo a dos toques a larga distancia (Gold)','Tap-tap a 30+ metros esperando 0.3 s entre disparos para reset de spread. Adaptación Gold: Añade presión de tiempo y variaciones de distancia. Duración recomendada: 30 min.',NULL),(139,'Gold','disparo','Control de spray del Vandal (Gold)','Vacía cargador completo en pared, memoriza el patrón. Compensa arrastrando hacia abajo-izquierda. Adaptación Gold: Añade presión de tiempo y variaciones de distancia. Duración recomendada: 30 min.',NULL),(140,'Gold','disparo','Control de spray del Phantom (Gold)','Igual que Vandal pero con pattern propio, más fácil de controlar. 30 repeticiones. Adaptación Gold: Añade presión de tiempo y variaciones de distancia. Duración recomendada: 30 min.',NULL),(141,'Gold','disparo','Headshots con pistolas (Gold)','Ghost y Sheriff: 10 minutos de deathmatch sólo pistolas, solo headshots. Adaptación Gold: Añade presión de tiempo y variaciones de distancia. Duración recomendada: 30 min.',NULL),(142,'Gold','disparo','Apertura con Operator (Gold)','Hold estático en ángulo largo, 1 disparo y reposicionar. No holdear dos veces el mismo ángulo. Adaptación Gold: Añade presión de tiempo y variaciones de distancia. Duración recomendada: 30 min.',NULL),(143,'Gold','disparo','Tapping a larga distancia (Gold)','Dispara 1 bala, espera a que la mira reset, vuelve a disparar. Fundamental en 1v1 a larga. Adaptación Gold: Añade presión de tiempo y variaciones de distancia. Duración recomendada: 30 min.',NULL),(144,'Gold','disparo','Economía: eco, pistola y full-buy (Gold)','Estudia las 3 situaciones: cuándo ahorrar, cuándo forzar y cuándo full-buy según ronda. Adaptación Gold: Añade presión de tiempo y variaciones de distancia. Duración recomendada: 30 min.',NULL),(145,'Gold','utilidad','Humos básicos de controlador (Gold)','Aprende 3 humos default por sitio con tu controller principal (Omen, Brimstone o Viper). Adaptación Gold: Añade presión de tiempo y variaciones de distancia. Duración recomendada: 30 min.',NULL),(146,'Gold','utilidad','Flashes pop en esquinas (Gold)','Flash curveada justo tras la esquina para cegar sin mostrarte. Practica con KAY/O, Skye o Phoenix. Adaptación Gold: Añade presión de tiempo y variaciones de distancia. Duración recomendada: 30 min.',NULL),(147,'Gold','utilidad','Recon darts seguros (Gold)','Con Sova o Fade: lanza recon desde cover sin exponerte. Aprende 2 lineups por mapa. Adaptación Gold: Añade presión de tiempo y variaciones de distancia. Duración recomendada: 30 min.',NULL),(148,'Gold','utilidad','Molly post-plant (Gold)','Molly que cubre la spike tras plant. Evita desactivaciones silenciosas. Adaptación Gold: Añade presión de tiempo y variaciones de distancia. Duración recomendada: 30 min.',NULL),(149,'Gold','utilidad','Utilidad defensiva en sitio (Gold)','Sage wall y Killjoy turret: aprende posiciones que retrasan un push completo 10+ segundos. Adaptación Gold: Añade presión de tiempo y variaciones de distancia. Duración recomendada: 30 min.',NULL),(150,'Gold','utilidad','Sincronización de utilidad en equipo (Gold)','Flash + entry al mismo tiempo. Cuenta en voz alta \"3-2-1 flash\" antes de lanzar. Adaptación Gold: Añade presión de tiempo y variaciones de distancia. Duración recomendada: 30 min.',NULL),(151,'Gold','utilidad','Gestión de ultimate (Gold)','No gastes ult en ronda ganada. Aprende valor económico de cada ult (Judgment, Showstopper, etc). Adaptación Gold: Añade presión de tiempo y variaciones de distancia. Duración recomendada: 30 min.',NULL),(152,'Gold','utilidad','Fakes con utilidad (Gold)','Utiliza humos y flashes en sitio B para forzar rotación enemiga, luego ejecuta A. Adaptación Gold: Añade presión de tiempo y variaciones de distancia. Duración recomendada: 30 min.',NULL),(153,'Gold','game_sense','Callouts básicos del mapa (Gold)','Aprende los 15 callouts principales de cada mapa. Sin callouts claros no hay coordinación. Adaptación Gold: Añade presión de tiempo y variaciones de distancia. Duración recomendada: 30 min.',NULL),(154,'Gold','game_sense','Timings de rotación (Gold)','Cronometra cuánto tarda el enemigo en llegar desde mid a tu sitio. Úsalo para decidir rotaciones. Adaptación Gold: Añade presión de tiempo y variaciones de distancia. Duración recomendada: 30 min.',NULL),(155,'Gold','game_sense','Lectura del audio enemigo (Gold)','Dedica 5 min de partida con volumen alto a IDENTIFICAR sonidos (pasos, reloads, utility). Adaptación Gold: Añade presión de tiempo y variaciones de distancia. Duración recomendada: 30 min.',NULL),(156,'Gold','game_sense','Decisiones de plant o default (Gold)','Con tiempo >30s y sitio libre: default. Con presión: plant inmediato y post-plant. Adaptación Gold: Añade presión de tiempo y variaciones de distancia. Duración recomendada: 30 min.',NULL),(157,'Gold','game_sense','Clutch 1vX (Gold)','Separa enemigos, usa utilidad para aislar uno y obliga duelos 1v1 secuenciales. Adaptación Gold: Añade presión de tiempo y variaciones de distancia. Duración recomendada: 30 min.',NULL),(158,'Gold','game_sense','Info post-kill (Gold)','Tras un kill, revela a tu equipo: \"one down A main, low HP\". Nunca mates en silencio. Adaptación Gold: Añade presión de tiempo y variaciones de distancia. Duración recomendada: 30 min.',NULL),(159,'Gold','game_sense','Lectura de la economía enemiga (Gold)','Cuenta armas y ulti enemigas. Si van eco, juega seguro. Si full-buy, anti-eco no aplica. Adaptación Gold: Añade presión de tiempo y variaciones de distancia. Duración recomendada: 30 min.',NULL),(160,'Gold','game_sense','Adaptación al meta del oponente (Gold)','Si el enemigo repite la misma estrategia 2 rondas, cambia tu setup defensivo para contrarrestar. Adaptación Gold: Añade presión de tiempo y variaciones de distancia. Duración recomendada: 30 min.',NULL),(161,'Platinum','aim','Colocación de mira en esquinas (Platinum)','Practica apuntar siempre a la altura de la cabeza en cada esquina antes de asomar. Mapa: The Range o Aim Labs. Adaptación Platinum: Trabaja bajo presión real: entrena en deathmatch competitivo tras la rutina. Duración recomendada: 30 min.',NULL),(162,'Platinum','aim','Flick shots a la cabeza (Platinum)','Calienta con 3 tandas de flicks rápidos en Aim Labs (Gridshot Precision). Céntrate en detenerte en la diana, no pasarte. Adaptación Platinum: Trabaja bajo presión real: entrena en deathmatch competitivo tras la rutina. Duración recomendada: 30 min.',NULL),(163,'Platinum','aim','Tracking contra objetivos móviles (Platinum)','Sigue a bots moviéndose horizontalmente sin disparar durante 5 min, luego añade ráfagas cortas. Adaptación Platinum: Trabaja bajo presión real: entrena en deathmatch competitivo tras la rutina. Duración recomendada: 30 min.',NULL),(164,'Platinum','aim','Microajustes tras strafear (Platinum)','Entra al Range, corre 2 pasos, para en seco y dispara. Repite 100 veces. Adaptación Platinum: Trabaja bajo presión real: entrena en deathmatch competitivo tras la rutina. Duración recomendada: 30 min.',NULL),(165,'Platinum','aim','Transiciones entre enemigos (Platinum)','Coloca 2 bots separados, alterna headshots. Objetivo: bajar el tiempo entre kills. Adaptación Platinum: Trabaja bajo presión real: entrena en deathmatch competitivo tras la rutina. Duración recomendada: 30 min.',NULL),(166,'Platinum','aim','Pre-aim en ángulos comunes (Platinum)','Camina por el mapa apuntando a posiciones típicas antes de verlas (ej: window en Ascent, door en Bind). Adaptación Platinum: Trabaja bajo presión real: entrena en deathmatch competitivo tras la rutina. Duración recomendada: 30 min.',NULL),(167,'Platinum','aim','Control de mira en swings (Platinum)','Haz wide swings a bots quietos manteniendo la mira a la altura de la cabeza durante todo el movimiento. Adaptación Platinum: Trabaja bajo presión real: entrena en deathmatch competitivo tras la rutina. Duración recomendada: 30 min.',NULL),(168,'Platinum','aim','Reset post-kill (Platinum)','Tras cada kill, corrige la mira al siguiente ángulo sin pausa. Entrena con 4 bots en línea. Adaptación Platinum: Trabaja bajo presión real: entrena en deathmatch competitivo tras la rutina. Duración recomendada: 30 min.',NULL),(169,'Platinum','movilidad','Counter-strafe limpio (Platinum)','Pulsa la tecla contraria a la dirección en la que corres antes de disparar. Precisión sube 50% si lo haces bien. Adaptación Platinum: Trabaja bajo presión real: entrena en deathmatch competitivo tras la rutina. Duración recomendada: 30 min.',NULL),(170,'Platinum','movilidad','Jiggle peek rápido (Platinum)','Asomarte y volver a cubrirte en menos de 0.3 s para sacar info sin morir. Adaptación Platinum: Trabaja bajo presión real: entrena en deathmatch competitivo tras la rutina. Duración recomendada: 30 min.',NULL),(171,'Platinum','movilidad','Wide swing vs close swing (Platinum)','Decide según el ángulo: wide para Operator, close para angles cerrados. Practica ambos 10 min. Adaptación Platinum: Trabaja bajo presión real: entrena en deathmatch competitivo tras la rutina. Duración recomendada: 30 min.',NULL),(172,'Platinum','movilidad','Strafing durante el tiroteo (Platinum)','Mueve A-D-A-D combinando con counter-strafe. No dispares en movimiento continuo. Adaptación Platinum: Trabaja bajo presión real: entrena en deathmatch competitivo tras la rutina. Duración recomendada: 30 min.',NULL),(173,'Platinum','movilidad','Movimiento silencioso (Platinum)','Alterna andar (shift) y correr. Los pasos dan info al enemigo: úsalo a tu favor con fakes. Adaptación Platinum: Trabaja bajo presión real: entrena en deathmatch competitivo tras la rutina. Duración recomendada: 30 min.',NULL),(174,'Platinum','movilidad','Uso de dash o habilidad de movimiento (Platinum)','Para agentes con dash (Jett, Neon, Raze): practica entries con dash + disparo justo al aterrizar. Adaptación Platinum: Trabaja bajo presión real: entrena en deathmatch competitivo tras la rutina. Duración recomendada: 30 min.',NULL),(175,'Platinum','movilidad','Rotaciones rápidas entre sitios (Platinum)','Cronometra tus rotaciones mid-to-A y mid-to-B. Meta: menos de 12 segundos. Adaptación Platinum: Trabaja bajo presión real: entrena en deathmatch competitivo tras la rutina. Duración recomendada: 30 min.',NULL),(176,'Platinum','movilidad','Posicionamiento sin chocar con aliados (Platinum)','En Range con 4 aliados simulados, encuentra ángulos que no estorben crossfire. Adaptación Platinum: Trabaja bajo presión real: entrena en deathmatch competitivo tras la rutina. Duración recomendada: 30 min.',NULL),(177,'Platinum','disparo','Ráfagas cortas a media distancia (Platinum)','Phantom/Vandal en ráfagas de 3 balas a 15-25 metros. Precisión objetivo: 60%+. Adaptación Platinum: Trabaja bajo presión real: entrena en deathmatch competitivo tras la rutina. Duración recomendada: 30 min.',NULL),(178,'Platinum','disparo','Disparo a dos toques a larga distancia (Platinum)','Tap-tap a 30+ metros esperando 0.3 s entre disparos para reset de spread. Adaptación Platinum: Trabaja bajo presión real: entrena en deathmatch competitivo tras la rutina. Duración recomendada: 30 min.',NULL),(179,'Platinum','disparo','Control de spray del Vandal (Platinum)','Vacía cargador completo en pared, memoriza el patrón. Compensa arrastrando hacia abajo-izquierda. Adaptación Platinum: Trabaja bajo presión real: entrena en deathmatch competitivo tras la rutina. Duración recomendada: 30 min.',NULL),(180,'Platinum','disparo','Control de spray del Phantom (Platinum)','Igual que Vandal pero con pattern propio, más fácil de controlar. 30 repeticiones. Adaptación Platinum: Trabaja bajo presión real: entrena en deathmatch competitivo tras la rutina. Duración recomendada: 30 min.',NULL),(181,'Platinum','disparo','Headshots con pistolas (Platinum)','Ghost y Sheriff: 10 minutos de deathmatch sólo pistolas, solo headshots. Adaptación Platinum: Trabaja bajo presión real: entrena en deathmatch competitivo tras la rutina. Duración recomendada: 30 min.',NULL),(182,'Platinum','disparo','Apertura con Operator (Platinum)','Hold estático en ángulo largo, 1 disparo y reposicionar. No holdear dos veces el mismo ángulo. Adaptación Platinum: Trabaja bajo presión real: entrena en deathmatch competitivo tras la rutina. Duración recomendada: 30 min.',NULL),(183,'Platinum','disparo','Tapping a larga distancia (Platinum)','Dispara 1 bala, espera a que la mira reset, vuelve a disparar. Fundamental en 1v1 a larga. Adaptación Platinum: Trabaja bajo presión real: entrena en deathmatch competitivo tras la rutina. Duración recomendada: 30 min.',NULL),(184,'Platinum','disparo','Economía: eco, pistola y full-buy (Platinum)','Estudia las 3 situaciones: cuándo ahorrar, cuándo forzar y cuándo full-buy según ronda. Adaptación Platinum: Trabaja bajo presión real: entrena en deathmatch competitivo tras la rutina. Duración recomendada: 30 min.',NULL),(185,'Platinum','utilidad','Humos básicos de controlador (Platinum)','Aprende 3 humos default por sitio con tu controller principal (Omen, Brimstone o Viper). Adaptación Platinum: Trabaja bajo presión real: entrena en deathmatch competitivo tras la rutina. Duración recomendada: 30 min.',NULL),(186,'Platinum','utilidad','Flashes pop en esquinas (Platinum)','Flash curveada justo tras la esquina para cegar sin mostrarte. Practica con KAY/O, Skye o Phoenix. Adaptación Platinum: Trabaja bajo presión real: entrena en deathmatch competitivo tras la rutina. Duración recomendada: 30 min.',NULL),(187,'Platinum','utilidad','Recon darts seguros (Platinum)','Con Sova o Fade: lanza recon desde cover sin exponerte. Aprende 2 lineups por mapa. Adaptación Platinum: Trabaja bajo presión real: entrena en deathmatch competitivo tras la rutina. Duración recomendada: 30 min.',NULL),(188,'Platinum','utilidad','Molly post-plant (Platinum)','Molly que cubre la spike tras plant. Evita desactivaciones silenciosas. Adaptación Platinum: Trabaja bajo presión real: entrena en deathmatch competitivo tras la rutina. Duración recomendada: 30 min.',NULL),(189,'Platinum','utilidad','Utilidad defensiva en sitio (Platinum)','Sage wall y Killjoy turret: aprende posiciones que retrasan un push completo 10+ segundos. Adaptación Platinum: Trabaja bajo presión real: entrena en deathmatch competitivo tras la rutina. Duración recomendada: 30 min.',NULL),(190,'Platinum','utilidad','Sincronización de utilidad en equipo (Platinum)','Flash + entry al mismo tiempo. Cuenta en voz alta \"3-2-1 flash\" antes de lanzar. Adaptación Platinum: Trabaja bajo presión real: entrena en deathmatch competitivo tras la rutina. Duración recomendada: 30 min.',NULL),(191,'Platinum','utilidad','Gestión de ultimate (Platinum)','No gastes ult en ronda ganada. Aprende valor económico de cada ult (Judgment, Showstopper, etc). Adaptación Platinum: Trabaja bajo presión real: entrena en deathmatch competitivo tras la rutina. Duración recomendada: 30 min.',NULL),(192,'Platinum','utilidad','Fakes con utilidad (Platinum)','Utiliza humos y flashes en sitio B para forzar rotación enemiga, luego ejecuta A. Adaptación Platinum: Trabaja bajo presión real: entrena en deathmatch competitivo tras la rutina. Duración recomendada: 30 min.',NULL),(193,'Platinum','game_sense','Callouts básicos del mapa (Platinum)','Aprende los 15 callouts principales de cada mapa. Sin callouts claros no hay coordinación. Adaptación Platinum: Trabaja bajo presión real: entrena en deathmatch competitivo tras la rutina. Duración recomendada: 30 min.',NULL),(194,'Platinum','game_sense','Timings de rotación (Platinum)','Cronometra cuánto tarda el enemigo en llegar desde mid a tu sitio. Úsalo para decidir rotaciones. Adaptación Platinum: Trabaja bajo presión real: entrena en deathmatch competitivo tras la rutina. Duración recomendada: 30 min.',NULL),(195,'Platinum','game_sense','Lectura del audio enemigo (Platinum)','Dedica 5 min de partida con volumen alto a IDENTIFICAR sonidos (pasos, reloads, utility). Adaptación Platinum: Trabaja bajo presión real: entrena en deathmatch competitivo tras la rutina. Duración recomendada: 30 min.',NULL),(196,'Platinum','game_sense','Decisiones de plant o default (Platinum)','Con tiempo >30s y sitio libre: default. Con presión: plant inmediato y post-plant. Adaptación Platinum: Trabaja bajo presión real: entrena en deathmatch competitivo tras la rutina. Duración recomendada: 30 min.',NULL),(197,'Platinum','game_sense','Clutch 1vX (Platinum)','Separa enemigos, usa utilidad para aislar uno y obliga duelos 1v1 secuenciales. Adaptación Platinum: Trabaja bajo presión real: entrena en deathmatch competitivo tras la rutina. Duración recomendada: 30 min.',NULL),(198,'Platinum','game_sense','Info post-kill (Platinum)','Tras un kill, revela a tu equipo: \"one down A main, low HP\". Nunca mates en silencio. Adaptación Platinum: Trabaja bajo presión real: entrena en deathmatch competitivo tras la rutina. Duración recomendada: 30 min.',NULL),(199,'Platinum','game_sense','Lectura de la economía enemiga (Platinum)','Cuenta armas y ulti enemigas. Si van eco, juega seguro. Si full-buy, anti-eco no aplica. Adaptación Platinum: Trabaja bajo presión real: entrena en deathmatch competitivo tras la rutina. Duración recomendada: 30 min.',NULL),(200,'Platinum','game_sense','Adaptación al meta del oponente (Platinum)','Si el enemigo repite la misma estrategia 2 rondas, cambia tu setup defensivo para contrarrestar. Adaptación Platinum: Trabaja bajo presión real: entrena en deathmatch competitivo tras la rutina. Duración recomendada: 30 min.',NULL),(201,'Diamond','aim','Colocación de mira en esquinas (Diamond)','Practica apuntar siempre a la altura de la cabeza en cada esquina antes de asomar. Mapa: The Range o Aim Labs. Adaptación Diamond: Foco en consistencia bajo fatiga y en ajustes finos del setting. Duración recomendada: 30 min.',NULL),(202,'Diamond','aim','Flick shots a la cabeza (Diamond)','Calienta con 3 tandas de flicks rápidos en Aim Labs (Gridshot Precision). Céntrate en detenerte en la diana, no pasarte. Adaptación Diamond: Foco en consistencia bajo fatiga y en ajustes finos del setting. Duración recomendada: 30 min.',NULL),(203,'Diamond','aim','Tracking contra objetivos móviles (Diamond)','Sigue a bots moviéndose horizontalmente sin disparar durante 5 min, luego añade ráfagas cortas. Adaptación Diamond: Foco en consistencia bajo fatiga y en ajustes finos del setting. Duración recomendada: 30 min.',NULL),(204,'Diamond','aim','Microajustes tras strafear (Diamond)','Entra al Range, corre 2 pasos, para en seco y dispara. Repite 100 veces. Adaptación Diamond: Foco en consistencia bajo fatiga y en ajustes finos del setting. Duración recomendada: 30 min.',NULL),(205,'Diamond','aim','Transiciones entre enemigos (Diamond)','Coloca 2 bots separados, alterna headshots. Objetivo: bajar el tiempo entre kills. Adaptación Diamond: Foco en consistencia bajo fatiga y en ajustes finos del setting. Duración recomendada: 30 min.',NULL),(206,'Diamond','aim','Pre-aim en ángulos comunes (Diamond)','Camina por el mapa apuntando a posiciones típicas antes de verlas (ej: window en Ascent, door en Bind). Adaptación Diamond: Foco en consistencia bajo fatiga y en ajustes finos del setting. Duración recomendada: 30 min.',NULL),(207,'Diamond','aim','Control de mira en swings (Diamond)','Haz wide swings a bots quietos manteniendo la mira a la altura de la cabeza durante todo el movimiento. Adaptación Diamond: Foco en consistencia bajo fatiga y en ajustes finos del setting. Duración recomendada: 30 min.',NULL),(208,'Diamond','aim','Reset post-kill (Diamond)','Tras cada kill, corrige la mira al siguiente ángulo sin pausa. Entrena con 4 bots en línea. Adaptación Diamond: Foco en consistencia bajo fatiga y en ajustes finos del setting. Duración recomendada: 30 min.',NULL),(209,'Diamond','movilidad','Counter-strafe limpio (Diamond)','Pulsa la tecla contraria a la dirección en la que corres antes de disparar. Precisión sube 50% si lo haces bien. Adaptación Diamond: Foco en consistencia bajo fatiga y en ajustes finos del setting. Duración recomendada: 30 min.',NULL),(210,'Diamond','movilidad','Jiggle peek rápido (Diamond)','Asomarte y volver a cubrirte en menos de 0.3 s para sacar info sin morir. Adaptación Diamond: Foco en consistencia bajo fatiga y en ajustes finos del setting. Duración recomendada: 30 min.',NULL),(211,'Diamond','movilidad','Wide swing vs close swing (Diamond)','Decide según el ángulo: wide para Operator, close para angles cerrados. Practica ambos 10 min. Adaptación Diamond: Foco en consistencia bajo fatiga y en ajustes finos del setting. Duración recomendada: 30 min.',NULL),(212,'Diamond','movilidad','Strafing durante el tiroteo (Diamond)','Mueve A-D-A-D combinando con counter-strafe. No dispares en movimiento continuo. Adaptación Diamond: Foco en consistencia bajo fatiga y en ajustes finos del setting. Duración recomendada: 30 min.',NULL),(213,'Diamond','movilidad','Movimiento silencioso (Diamond)','Alterna andar (shift) y correr. Los pasos dan info al enemigo: úsalo a tu favor con fakes. Adaptación Diamond: Foco en consistencia bajo fatiga y en ajustes finos del setting. Duración recomendada: 30 min.',NULL),(214,'Diamond','movilidad','Uso de dash o habilidad de movimiento (Diamond)','Para agentes con dash (Jett, Neon, Raze): practica entries con dash + disparo justo al aterrizar. Adaptación Diamond: Foco en consistencia bajo fatiga y en ajustes finos del setting. Duración recomendada: 30 min.',NULL),(215,'Diamond','movilidad','Rotaciones rápidas entre sitios (Diamond)','Cronometra tus rotaciones mid-to-A y mid-to-B. Meta: menos de 12 segundos. Adaptación Diamond: Foco en consistencia bajo fatiga y en ajustes finos del setting. Duración recomendada: 30 min.',NULL),(216,'Diamond','movilidad','Posicionamiento sin chocar con aliados (Diamond)','En Range con 4 aliados simulados, encuentra ángulos que no estorben crossfire. Adaptación Diamond: Foco en consistencia bajo fatiga y en ajustes finos del setting. Duración recomendada: 30 min.',NULL),(217,'Diamond','disparo','Ráfagas cortas a media distancia (Diamond)','Phantom/Vandal en ráfagas de 3 balas a 15-25 metros. Precisión objetivo: 60%+. Adaptación Diamond: Foco en consistencia bajo fatiga y en ajustes finos del setting. Duración recomendada: 30 min.',NULL),(218,'Diamond','disparo','Disparo a dos toques a larga distancia (Diamond)','Tap-tap a 30+ metros esperando 0.3 s entre disparos para reset de spread. Adaptación Diamond: Foco en consistencia bajo fatiga y en ajustes finos del setting. Duración recomendada: 30 min.',NULL),(219,'Diamond','disparo','Control de spray del Vandal (Diamond)','Vacía cargador completo en pared, memoriza el patrón. Compensa arrastrando hacia abajo-izquierda. Adaptación Diamond: Foco en consistencia bajo fatiga y en ajustes finos del setting. Duración recomendada: 30 min.',NULL),(220,'Diamond','disparo','Control de spray del Phantom (Diamond)','Igual que Vandal pero con pattern propio, más fácil de controlar. 30 repeticiones. Adaptación Diamond: Foco en consistencia bajo fatiga y en ajustes finos del setting. Duración recomendada: 30 min.',NULL),(221,'Diamond','disparo','Headshots con pistolas (Diamond)','Ghost y Sheriff: 10 minutos de deathmatch sólo pistolas, solo headshots. Adaptación Diamond: Foco en consistencia bajo fatiga y en ajustes finos del setting. Duración recomendada: 30 min.',NULL),(222,'Diamond','disparo','Apertura con Operator (Diamond)','Hold estático en ángulo largo, 1 disparo y reposicionar. No holdear dos veces el mismo ángulo. Adaptación Diamond: Foco en consistencia bajo fatiga y en ajustes finos del setting. Duración recomendada: 30 min.',NULL),(223,'Diamond','disparo','Tapping a larga distancia (Diamond)','Dispara 1 bala, espera a que la mira reset, vuelve a disparar. Fundamental en 1v1 a larga. Adaptación Diamond: Foco en consistencia bajo fatiga y en ajustes finos del setting. Duración recomendada: 30 min.',NULL),(224,'Diamond','disparo','Economía: eco, pistola y full-buy (Diamond)','Estudia las 3 situaciones: cuándo ahorrar, cuándo forzar y cuándo full-buy según ronda. Adaptación Diamond: Foco en consistencia bajo fatiga y en ajustes finos del setting. Duración recomendada: 30 min.',NULL),(225,'Diamond','utilidad','Humos básicos de controlador (Diamond)','Aprende 3 humos default por sitio con tu controller principal (Omen, Brimstone o Viper). Adaptación Diamond: Foco en consistencia bajo fatiga y en ajustes finos del setting. Duración recomendada: 30 min.',NULL),(226,'Diamond','utilidad','Flashes pop en esquinas (Diamond)','Flash curveada justo tras la esquina para cegar sin mostrarte. Practica con KAY/O, Skye o Phoenix. Adaptación Diamond: Foco en consistencia bajo fatiga y en ajustes finos del setting. Duración recomendada: 30 min.',NULL),(227,'Diamond','utilidad','Recon darts seguros (Diamond)','Con Sova o Fade: lanza recon desde cover sin exponerte. Aprende 2 lineups por mapa. Adaptación Diamond: Foco en consistencia bajo fatiga y en ajustes finos del setting. Duración recomendada: 30 min.',NULL),(228,'Diamond','utilidad','Molly post-plant (Diamond)','Molly que cubre la spike tras plant. Evita desactivaciones silenciosas. Adaptación Diamond: Foco en consistencia bajo fatiga y en ajustes finos del setting. Duración recomendada: 30 min.',NULL),(229,'Diamond','utilidad','Utilidad defensiva en sitio (Diamond)','Sage wall y Killjoy turret: aprende posiciones que retrasan un push completo 10+ segundos. Adaptación Diamond: Foco en consistencia bajo fatiga y en ajustes finos del setting. Duración recomendada: 30 min.',NULL),(230,'Diamond','utilidad','Sincronización de utilidad en equipo (Diamond)','Flash + entry al mismo tiempo. Cuenta en voz alta \"3-2-1 flash\" antes de lanzar. Adaptación Diamond: Foco en consistencia bajo fatiga y en ajustes finos del setting. Duración recomendada: 30 min.',NULL),(231,'Diamond','utilidad','Gestión de ultimate (Diamond)','No gastes ult en ronda ganada. Aprende valor económico de cada ult (Judgment, Showstopper, etc). Adaptación Diamond: Foco en consistencia bajo fatiga y en ajustes finos del setting. Duración recomendada: 30 min.',NULL),(232,'Diamond','utilidad','Fakes con utilidad (Diamond)','Utiliza humos y flashes en sitio B para forzar rotación enemiga, luego ejecuta A. Adaptación Diamond: Foco en consistencia bajo fatiga y en ajustes finos del setting. Duración recomendada: 30 min.',NULL),(233,'Diamond','game_sense','Callouts básicos del mapa (Diamond)','Aprende los 15 callouts principales de cada mapa. Sin callouts claros no hay coordinación. Adaptación Diamond: Foco en consistencia bajo fatiga y en ajustes finos del setting. Duración recomendada: 30 min.',NULL),(234,'Diamond','game_sense','Timings de rotación (Diamond)','Cronometra cuánto tarda el enemigo en llegar desde mid a tu sitio. Úsalo para decidir rotaciones. Adaptación Diamond: Foco en consistencia bajo fatiga y en ajustes finos del setting. Duración recomendada: 30 min.',NULL),(235,'Diamond','game_sense','Lectura del audio enemigo (Diamond)','Dedica 5 min de partida con volumen alto a IDENTIFICAR sonidos (pasos, reloads, utility). Adaptación Diamond: Foco en consistencia bajo fatiga y en ajustes finos del setting. Duración recomendada: 30 min.',NULL),(236,'Diamond','game_sense','Decisiones de plant o default (Diamond)','Con tiempo >30s y sitio libre: default. Con presión: plant inmediato y post-plant. Adaptación Diamond: Foco en consistencia bajo fatiga y en ajustes finos del setting. Duración recomendada: 30 min.',NULL),(237,'Diamond','game_sense','Clutch 1vX (Diamond)','Separa enemigos, usa utilidad para aislar uno y obliga duelos 1v1 secuenciales. Adaptación Diamond: Foco en consistencia bajo fatiga y en ajustes finos del setting. Duración recomendada: 30 min.',NULL),(238,'Diamond','game_sense','Info post-kill (Diamond)','Tras un kill, revela a tu equipo: \"one down A main, low HP\". Nunca mates en silencio. Adaptación Diamond: Foco en consistencia bajo fatiga y en ajustes finos del setting. Duración recomendada: 30 min.',NULL),(239,'Diamond','game_sense','Lectura de la economía enemiga (Diamond)','Cuenta armas y ulti enemigas. Si van eco, juega seguro. Si full-buy, anti-eco no aplica. Adaptación Diamond: Foco en consistencia bajo fatiga y en ajustes finos del setting. Duración recomendada: 30 min.',NULL),(240,'Diamond','game_sense','Adaptación al meta del oponente (Diamond)','Si el enemigo repite la misma estrategia 2 rondas, cambia tu setup defensivo para contrarrestar. Adaptación Diamond: Foco en consistencia bajo fatiga y en ajustes finos del setting. Duración recomendada: 30 min.',NULL),(241,'Ascendant','aim','Colocación de mira en esquinas (Ascendant)','Practica apuntar siempre a la altura de la cabeza en cada esquina antes de asomar. Mapa: The Range o Aim Labs. Adaptación Ascendant: Sesiones cortas de alta intensidad, graba tu pantalla y revisa errores. Duración recomendada: 25 min.',NULL),(242,'Ascendant','aim','Flick shots a la cabeza (Ascendant)','Calienta con 3 tandas de flicks rápidos en Aim Labs (Gridshot Precision). Céntrate en detenerte en la diana, no pasarte. Adaptación Ascendant: Sesiones cortas de alta intensidad, graba tu pantalla y revisa errores. Duración recomendada: 25 min.',NULL),(243,'Ascendant','aim','Tracking contra objetivos móviles (Ascendant)','Sigue a bots moviéndose horizontalmente sin disparar durante 5 min, luego añade ráfagas cortas. Adaptación Ascendant: Sesiones cortas de alta intensidad, graba tu pantalla y revisa errores. Duración recomendada: 25 min.',NULL),(244,'Ascendant','aim','Microajustes tras strafear (Ascendant)','Entra al Range, corre 2 pasos, para en seco y dispara. Repite 100 veces. Adaptación Ascendant: Sesiones cortas de alta intensidad, graba tu pantalla y revisa errores. Duración recomendada: 25 min.',NULL),(245,'Ascendant','aim','Transiciones entre enemigos (Ascendant)','Coloca 2 bots separados, alterna headshots. Objetivo: bajar el tiempo entre kills. Adaptación Ascendant: Sesiones cortas de alta intensidad, graba tu pantalla y revisa errores. Duración recomendada: 25 min.',NULL),(246,'Ascendant','aim','Pre-aim en ángulos comunes (Ascendant)','Camina por el mapa apuntando a posiciones típicas antes de verlas (ej: window en Ascent, door en Bind). Adaptación Ascendant: Sesiones cortas de alta intensidad, graba tu pantalla y revisa errores. Duración recomendada: 25 min.',NULL),(247,'Ascendant','aim','Control de mira en swings (Ascendant)','Haz wide swings a bots quietos manteniendo la mira a la altura de la cabeza durante todo el movimiento. Adaptación Ascendant: Sesiones cortas de alta intensidad, graba tu pantalla y revisa errores. Duración recomendada: 25 min.',NULL),(248,'Ascendant','aim','Reset post-kill (Ascendant)','Tras cada kill, corrige la mira al siguiente ángulo sin pausa. Entrena con 4 bots en línea. Adaptación Ascendant: Sesiones cortas de alta intensidad, graba tu pantalla y revisa errores. Duración recomendada: 25 min.',NULL),(249,'Ascendant','movilidad','Counter-strafe limpio (Ascendant)','Pulsa la tecla contraria a la dirección en la que corres antes de disparar. Precisión sube 50% si lo haces bien. Adaptación Ascendant: Sesiones cortas de alta intensidad, graba tu pantalla y revisa errores. Duración recomendada: 25 min.',NULL),(250,'Ascendant','movilidad','Jiggle peek rápido (Ascendant)','Asomarte y volver a cubrirte en menos de 0.3 s para sacar info sin morir. Adaptación Ascendant: Sesiones cortas de alta intensidad, graba tu pantalla y revisa errores. Duración recomendada: 25 min.',NULL),(251,'Ascendant','movilidad','Wide swing vs close swing (Ascendant)','Decide según el ángulo: wide para Operator, close para angles cerrados. Practica ambos 10 min. Adaptación Ascendant: Sesiones cortas de alta intensidad, graba tu pantalla y revisa errores. Duración recomendada: 25 min.',NULL),(252,'Ascendant','movilidad','Strafing durante el tiroteo (Ascendant)','Mueve A-D-A-D combinando con counter-strafe. No dispares en movimiento continuo. Adaptación Ascendant: Sesiones cortas de alta intensidad, graba tu pantalla y revisa errores. Duración recomendada: 25 min.',NULL),(253,'Ascendant','movilidad','Movimiento silencioso (Ascendant)','Alterna andar (shift) y correr. Los pasos dan info al enemigo: úsalo a tu favor con fakes. Adaptación Ascendant: Sesiones cortas de alta intensidad, graba tu pantalla y revisa errores. Duración recomendada: 25 min.',NULL),(254,'Ascendant','movilidad','Uso de dash o habilidad de movimiento (Ascendant)','Para agentes con dash (Jett, Neon, Raze): practica entries con dash + disparo justo al aterrizar. Adaptación Ascendant: Sesiones cortas de alta intensidad, graba tu pantalla y revisa errores. Duración recomendada: 25 min.',NULL),(255,'Ascendant','movilidad','Rotaciones rápidas entre sitios (Ascendant)','Cronometra tus rotaciones mid-to-A y mid-to-B. Meta: menos de 12 segundos. Adaptación Ascendant: Sesiones cortas de alta intensidad, graba tu pantalla y revisa errores. Duración recomendada: 25 min.',NULL),(256,'Ascendant','movilidad','Posicionamiento sin chocar con aliados (Ascendant)','En Range con 4 aliados simulados, encuentra ángulos que no estorben crossfire. Adaptación Ascendant: Sesiones cortas de alta intensidad, graba tu pantalla y revisa errores. Duración recomendada: 25 min.',NULL),(257,'Ascendant','disparo','Ráfagas cortas a media distancia (Ascendant)','Phantom/Vandal en ráfagas de 3 balas a 15-25 metros. Precisión objetivo: 60%+. Adaptación Ascendant: Sesiones cortas de alta intensidad, graba tu pantalla y revisa errores. Duración recomendada: 25 min.',NULL),(258,'Ascendant','disparo','Disparo a dos toques a larga distancia (Ascendant)','Tap-tap a 30+ metros esperando 0.3 s entre disparos para reset de spread. Adaptación Ascendant: Sesiones cortas de alta intensidad, graba tu pantalla y revisa errores. Duración recomendada: 25 min.',NULL),(259,'Ascendant','disparo','Control de spray del Vandal (Ascendant)','Vacía cargador completo en pared, memoriza el patrón. Compensa arrastrando hacia abajo-izquierda. Adaptación Ascendant: Sesiones cortas de alta intensidad, graba tu pantalla y revisa errores. Duración recomendada: 25 min.',NULL),(260,'Ascendant','disparo','Control de spray del Phantom (Ascendant)','Igual que Vandal pero con pattern propio, más fácil de controlar. 30 repeticiones. Adaptación Ascendant: Sesiones cortas de alta intensidad, graba tu pantalla y revisa errores. Duración recomendada: 25 min.',NULL),(261,'Ascendant','disparo','Headshots con pistolas (Ascendant)','Ghost y Sheriff: 10 minutos de deathmatch sólo pistolas, solo headshots. Adaptación Ascendant: Sesiones cortas de alta intensidad, graba tu pantalla y revisa errores. Duración recomendada: 25 min.',NULL),(262,'Ascendant','disparo','Apertura con Operator (Ascendant)','Hold estático en ángulo largo, 1 disparo y reposicionar. No holdear dos veces el mismo ángulo. Adaptación Ascendant: Sesiones cortas de alta intensidad, graba tu pantalla y revisa errores. Duración recomendada: 25 min.',NULL),(263,'Ascendant','disparo','Tapping a larga distancia (Ascendant)','Dispara 1 bala, espera a que la mira reset, vuelve a disparar. Fundamental en 1v1 a larga. Adaptación Ascendant: Sesiones cortas de alta intensidad, graba tu pantalla y revisa errores. Duración recomendada: 25 min.',NULL),(264,'Ascendant','disparo','Economía: eco, pistola y full-buy (Ascendant)','Estudia las 3 situaciones: cuándo ahorrar, cuándo forzar y cuándo full-buy según ronda. Adaptación Ascendant: Sesiones cortas de alta intensidad, graba tu pantalla y revisa errores. Duración recomendada: 25 min.',NULL),(265,'Ascendant','utilidad','Humos básicos de controlador (Ascendant)','Aprende 3 humos default por sitio con tu controller principal (Omen, Brimstone o Viper). Adaptación Ascendant: Sesiones cortas de alta intensidad, graba tu pantalla y revisa errores. Duración recomendada: 25 min.',NULL),(266,'Ascendant','utilidad','Flashes pop en esquinas (Ascendant)','Flash curveada justo tras la esquina para cegar sin mostrarte. Practica con KAY/O, Skye o Phoenix. Adaptación Ascendant: Sesiones cortas de alta intensidad, graba tu pantalla y revisa errores. Duración recomendada: 25 min.',NULL),(267,'Ascendant','utilidad','Recon darts seguros (Ascendant)','Con Sova o Fade: lanza recon desde cover sin exponerte. Aprende 2 lineups por mapa. Adaptación Ascendant: Sesiones cortas de alta intensidad, graba tu pantalla y revisa errores. Duración recomendada: 25 min.',NULL),(268,'Ascendant','utilidad','Molly post-plant (Ascendant)','Molly que cubre la spike tras plant. Evita desactivaciones silenciosas. Adaptación Ascendant: Sesiones cortas de alta intensidad, graba tu pantalla y revisa errores. Duración recomendada: 25 min.',NULL),(269,'Ascendant','utilidad','Utilidad defensiva en sitio (Ascendant)','Sage wall y Killjoy turret: aprende posiciones que retrasan un push completo 10+ segundos. Adaptación Ascendant: Sesiones cortas de alta intensidad, graba tu pantalla y revisa errores. Duración recomendada: 25 min.',NULL),(270,'Ascendant','utilidad','Sincronización de utilidad en equipo (Ascendant)','Flash + entry al mismo tiempo. Cuenta en voz alta \"3-2-1 flash\" antes de lanzar. Adaptación Ascendant: Sesiones cortas de alta intensidad, graba tu pantalla y revisa errores. Duración recomendada: 25 min.',NULL),(271,'Ascendant','utilidad','Gestión de ultimate (Ascendant)','No gastes ult en ronda ganada. Aprende valor económico de cada ult (Judgment, Showstopper, etc). Adaptación Ascendant: Sesiones cortas de alta intensidad, graba tu pantalla y revisa errores. Duración recomendada: 25 min.',NULL),(272,'Ascendant','utilidad','Fakes con utilidad (Ascendant)','Utiliza humos y flashes en sitio B para forzar rotación enemiga, luego ejecuta A. Adaptación Ascendant: Sesiones cortas de alta intensidad, graba tu pantalla y revisa errores. Duración recomendada: 25 min.',NULL),(273,'Ascendant','game_sense','Callouts básicos del mapa (Ascendant)','Aprende los 15 callouts principales de cada mapa. Sin callouts claros no hay coordinación. Adaptación Ascendant: Sesiones cortas de alta intensidad, graba tu pantalla y revisa errores. Duración recomendada: 25 min.',NULL),(274,'Ascendant','game_sense','Timings de rotación (Ascendant)','Cronometra cuánto tarda el enemigo en llegar desde mid a tu sitio. Úsalo para decidir rotaciones. Adaptación Ascendant: Sesiones cortas de alta intensidad, graba tu pantalla y revisa errores. Duración recomendada: 25 min.',NULL),(275,'Ascendant','game_sense','Lectura del audio enemigo (Ascendant)','Dedica 5 min de partida con volumen alto a IDENTIFICAR sonidos (pasos, reloads, utility). Adaptación Ascendant: Sesiones cortas de alta intensidad, graba tu pantalla y revisa errores. Duración recomendada: 25 min.',NULL),(276,'Ascendant','game_sense','Decisiones de plant o default (Ascendant)','Con tiempo >30s y sitio libre: default. Con presión: plant inmediato y post-plant. Adaptación Ascendant: Sesiones cortas de alta intensidad, graba tu pantalla y revisa errores. Duración recomendada: 25 min.',NULL),(277,'Ascendant','game_sense','Clutch 1vX (Ascendant)','Separa enemigos, usa utilidad para aislar uno y obliga duelos 1v1 secuenciales. Adaptación Ascendant: Sesiones cortas de alta intensidad, graba tu pantalla y revisa errores. Duración recomendada: 25 min.',NULL),(278,'Ascendant','game_sense','Info post-kill (Ascendant)','Tras un kill, revela a tu equipo: \"one down A main, low HP\". Nunca mates en silencio. Adaptación Ascendant: Sesiones cortas de alta intensidad, graba tu pantalla y revisa errores. Duración recomendada: 25 min.',NULL),(279,'Ascendant','game_sense','Lectura de la economía enemiga (Ascendant)','Cuenta armas y ulti enemigas. Si van eco, juega seguro. Si full-buy, anti-eco no aplica. Adaptación Ascendant: Sesiones cortas de alta intensidad, graba tu pantalla y revisa errores. Duración recomendada: 25 min.',NULL),(280,'Ascendant','game_sense','Adaptación al meta del oponente (Ascendant)','Si el enemigo repite la misma estrategia 2 rondas, cambia tu setup defensivo para contrarrestar. Adaptación Ascendant: Sesiones cortas de alta intensidad, graba tu pantalla y revisa errores. Duración recomendada: 25 min.',NULL),(281,'Immortal','aim','Colocación de mira en esquinas (Immortal)','Practica apuntar siempre a la altura de la cabeza en cada esquina antes de asomar. Mapa: The Range o Aim Labs. Adaptación Immortal: Rutina de mantenimiento: calidad sobre cantidad, 20-30 min máximo por bloque. Duración recomendada: 20 min.',NULL),(282,'Immortal','aim','Flick shots a la cabeza (Immortal)','Calienta con 3 tandas de flicks rápidos en Aim Labs (Gridshot Precision). Céntrate en detenerte en la diana, no pasarte. Adaptación Immortal: Rutina de mantenimiento: calidad sobre cantidad, 20-30 min máximo por bloque. Duración recomendada: 20 min.',NULL),(283,'Immortal','aim','Tracking contra objetivos móviles (Immortal)','Sigue a bots moviéndose horizontalmente sin disparar durante 5 min, luego añade ráfagas cortas. Adaptación Immortal: Rutina de mantenimiento: calidad sobre cantidad, 20-30 min máximo por bloque. Duración recomendada: 20 min.',NULL),(284,'Immortal','aim','Microajustes tras strafear (Immortal)','Entra al Range, corre 2 pasos, para en seco y dispara. Repite 100 veces. Adaptación Immortal: Rutina de mantenimiento: calidad sobre cantidad, 20-30 min máximo por bloque. Duración recomendada: 20 min.',NULL),(285,'Immortal','aim','Transiciones entre enemigos (Immortal)','Coloca 2 bots separados, alterna headshots. Objetivo: bajar el tiempo entre kills. Adaptación Immortal: Rutina de mantenimiento: calidad sobre cantidad, 20-30 min máximo por bloque. Duración recomendada: 20 min.',NULL),(286,'Immortal','aim','Pre-aim en ángulos comunes (Immortal)','Camina por el mapa apuntando a posiciones típicas antes de verlas (ej: window en Ascent, door en Bind). Adaptación Immortal: Rutina de mantenimiento: calidad sobre cantidad, 20-30 min máximo por bloque. Duración recomendada: 20 min.',NULL),(287,'Immortal','aim','Control de mira en swings (Immortal)','Haz wide swings a bots quietos manteniendo la mira a la altura de la cabeza durante todo el movimiento. Adaptación Immortal: Rutina de mantenimiento: calidad sobre cantidad, 20-30 min máximo por bloque. Duración recomendada: 20 min.',NULL),(288,'Immortal','aim','Reset post-kill (Immortal)','Tras cada kill, corrige la mira al siguiente ángulo sin pausa. Entrena con 4 bots en línea. Adaptación Immortal: Rutina de mantenimiento: calidad sobre cantidad, 20-30 min máximo por bloque. Duración recomendada: 20 min.',NULL),(289,'Immortal','movilidad','Counter-strafe limpio (Immortal)','Pulsa la tecla contraria a la dirección en la que corres antes de disparar. Precisión sube 50% si lo haces bien. Adaptación Immortal: Rutina de mantenimiento: calidad sobre cantidad, 20-30 min máximo por bloque. Duración recomendada: 20 min.',NULL),(290,'Immortal','movilidad','Jiggle peek rápido (Immortal)','Asomarte y volver a cubrirte en menos de 0.3 s para sacar info sin morir. Adaptación Immortal: Rutina de mantenimiento: calidad sobre cantidad, 20-30 min máximo por bloque. Duración recomendada: 20 min.',NULL),(291,'Immortal','movilidad','Wide swing vs close swing (Immortal)','Decide según el ángulo: wide para Operator, close para angles cerrados. Practica ambos 10 min. Adaptación Immortal: Rutina de mantenimiento: calidad sobre cantidad, 20-30 min máximo por bloque. Duración recomendada: 20 min.',NULL),(292,'Immortal','movilidad','Strafing durante el tiroteo (Immortal)','Mueve A-D-A-D combinando con counter-strafe. No dispares en movimiento continuo. Adaptación Immortal: Rutina de mantenimiento: calidad sobre cantidad, 20-30 min máximo por bloque. Duración recomendada: 20 min.',NULL),(293,'Immortal','movilidad','Movimiento silencioso (Immortal)','Alterna andar (shift) y correr. Los pasos dan info al enemigo: úsalo a tu favor con fakes. Adaptación Immortal: Rutina de mantenimiento: calidad sobre cantidad, 20-30 min máximo por bloque. Duración recomendada: 20 min.',NULL),(294,'Immortal','movilidad','Uso de dash o habilidad de movimiento (Immortal)','Para agentes con dash (Jett, Neon, Raze): practica entries con dash + disparo justo al aterrizar. Adaptación Immortal: Rutina de mantenimiento: calidad sobre cantidad, 20-30 min máximo por bloque. Duración recomendada: 20 min.',NULL),(295,'Immortal','movilidad','Rotaciones rápidas entre sitios (Immortal)','Cronometra tus rotaciones mid-to-A y mid-to-B. Meta: menos de 12 segundos. Adaptación Immortal: Rutina de mantenimiento: calidad sobre cantidad, 20-30 min máximo por bloque. Duración recomendada: 20 min.',NULL),(296,'Immortal','movilidad','Posicionamiento sin chocar con aliados (Immortal)','En Range con 4 aliados simulados, encuentra ángulos que no estorben crossfire. Adaptación Immortal: Rutina de mantenimiento: calidad sobre cantidad, 20-30 min máximo por bloque. Duración recomendada: 20 min.',NULL),(297,'Immortal','disparo','Ráfagas cortas a media distancia (Immortal)','Phantom/Vandal en ráfagas de 3 balas a 15-25 metros. Precisión objetivo: 60%+. Adaptación Immortal: Rutina de mantenimiento: calidad sobre cantidad, 20-30 min máximo por bloque. Duración recomendada: 20 min.',NULL),(298,'Immortal','disparo','Disparo a dos toques a larga distancia (Immortal)','Tap-tap a 30+ metros esperando 0.3 s entre disparos para reset de spread. Adaptación Immortal: Rutina de mantenimiento: calidad sobre cantidad, 20-30 min máximo por bloque. Duración recomendada: 20 min.',NULL),(299,'Immortal','disparo','Control de spray del Vandal (Immortal)','Vacía cargador completo en pared, memoriza el patrón. Compensa arrastrando hacia abajo-izquierda. Adaptación Immortal: Rutina de mantenimiento: calidad sobre cantidad, 20-30 min máximo por bloque. Duración recomendada: 20 min.',NULL),(300,'Immortal','disparo','Control de spray del Phantom (Immortal)','Igual que Vandal pero con pattern propio, más fácil de controlar. 30 repeticiones. Adaptación Immortal: Rutina de mantenimiento: calidad sobre cantidad, 20-30 min máximo por bloque. Duración recomendada: 20 min.',NULL),(301,'Immortal','disparo','Headshots con pistolas (Immortal)','Ghost y Sheriff: 10 minutos de deathmatch sólo pistolas, solo headshots. Adaptación Immortal: Rutina de mantenimiento: calidad sobre cantidad, 20-30 min máximo por bloque. Duración recomendada: 20 min.',NULL),(302,'Immortal','disparo','Apertura con Operator (Immortal)','Hold estático en ángulo largo, 1 disparo y reposicionar. No holdear dos veces el mismo ángulo. Adaptación Immortal: Rutina de mantenimiento: calidad sobre cantidad, 20-30 min máximo por bloque. Duración recomendada: 20 min.',NULL),(303,'Immortal','disparo','Tapping a larga distancia (Immortal)','Dispara 1 bala, espera a que la mira reset, vuelve a disparar. Fundamental en 1v1 a larga. Adaptación Immortal: Rutina de mantenimiento: calidad sobre cantidad, 20-30 min máximo por bloque. Duración recomendada: 20 min.',NULL),(304,'Immortal','disparo','Economía: eco, pistola y full-buy (Immortal)','Estudia las 3 situaciones: cuándo ahorrar, cuándo forzar y cuándo full-buy según ronda. Adaptación Immortal: Rutina de mantenimiento: calidad sobre cantidad, 20-30 min máximo por bloque. Duración recomendada: 20 min.',NULL),(305,'Immortal','utilidad','Humos básicos de controlador (Immortal)','Aprende 3 humos default por sitio con tu controller principal (Omen, Brimstone o Viper). Adaptación Immortal: Rutina de mantenimiento: calidad sobre cantidad, 20-30 min máximo por bloque. Duración recomendada: 20 min.',NULL),(306,'Immortal','utilidad','Flashes pop en esquinas (Immortal)','Flash curveada justo tras la esquina para cegar sin mostrarte. Practica con KAY/O, Skye o Phoenix. Adaptación Immortal: Rutina de mantenimiento: calidad sobre cantidad, 20-30 min máximo por bloque. Duración recomendada: 20 min.',NULL),(307,'Immortal','utilidad','Recon darts seguros (Immortal)','Con Sova o Fade: lanza recon desde cover sin exponerte. Aprende 2 lineups por mapa. Adaptación Immortal: Rutina de mantenimiento: calidad sobre cantidad, 20-30 min máximo por bloque. Duración recomendada: 20 min.',NULL),(308,'Immortal','utilidad','Molly post-plant (Immortal)','Molly que cubre la spike tras plant. Evita desactivaciones silenciosas. Adaptación Immortal: Rutina de mantenimiento: calidad sobre cantidad, 20-30 min máximo por bloque. Duración recomendada: 20 min.',NULL),(309,'Immortal','utilidad','Utilidad defensiva en sitio (Immortal)','Sage wall y Killjoy turret: aprende posiciones que retrasan un push completo 10+ segundos. Adaptación Immortal: Rutina de mantenimiento: calidad sobre cantidad, 20-30 min máximo por bloque. Duración recomendada: 20 min.',NULL),(310,'Immortal','utilidad','Sincronización de utilidad en equipo (Immortal)','Flash + entry al mismo tiempo. Cuenta en voz alta \"3-2-1 flash\" antes de lanzar. Adaptación Immortal: Rutina de mantenimiento: calidad sobre cantidad, 20-30 min máximo por bloque. Duración recomendada: 20 min.',NULL),(311,'Immortal','utilidad','Gestión de ultimate (Immortal)','No gastes ult en ronda ganada. Aprende valor económico de cada ult (Judgment, Showstopper, etc). Adaptación Immortal: Rutina de mantenimiento: calidad sobre cantidad, 20-30 min máximo por bloque. Duración recomendada: 20 min.',NULL),(312,'Immortal','utilidad','Fakes con utilidad (Immortal)','Utiliza humos y flashes en sitio B para forzar rotación enemiga, luego ejecuta A. Adaptación Immortal: Rutina de mantenimiento: calidad sobre cantidad, 20-30 min máximo por bloque. Duración recomendada: 20 min.',NULL),(313,'Immortal','game_sense','Callouts básicos del mapa (Immortal)','Aprende los 15 callouts principales de cada mapa. Sin callouts claros no hay coordinación. Adaptación Immortal: Rutina de mantenimiento: calidad sobre cantidad, 20-30 min máximo por bloque. Duración recomendada: 20 min.',NULL),(314,'Immortal','game_sense','Timings de rotación (Immortal)','Cronometra cuánto tarda el enemigo en llegar desde mid a tu sitio. Úsalo para decidir rotaciones. Adaptación Immortal: Rutina de mantenimiento: calidad sobre cantidad, 20-30 min máximo por bloque. Duración recomendada: 20 min.',NULL),(315,'Immortal','game_sense','Lectura del audio enemigo (Immortal)','Dedica 5 min de partida con volumen alto a IDENTIFICAR sonidos (pasos, reloads, utility). Adaptación Immortal: Rutina de mantenimiento: calidad sobre cantidad, 20-30 min máximo por bloque. Duración recomendada: 20 min.',NULL),(316,'Immortal','game_sense','Decisiones de plant o default (Immortal)','Con tiempo >30s y sitio libre: default. Con presión: plant inmediato y post-plant. Adaptación Immortal: Rutina de mantenimiento: calidad sobre cantidad, 20-30 min máximo por bloque. Duración recomendada: 20 min.',NULL),(317,'Immortal','game_sense','Clutch 1vX (Immortal)','Separa enemigos, usa utilidad para aislar uno y obliga duelos 1v1 secuenciales. Adaptación Immortal: Rutina de mantenimiento: calidad sobre cantidad, 20-30 min máximo por bloque. Duración recomendada: 20 min.',NULL),(318,'Immortal','game_sense','Info post-kill (Immortal)','Tras un kill, revela a tu equipo: \"one down A main, low HP\". Nunca mates en silencio. Adaptación Immortal: Rutina de mantenimiento: calidad sobre cantidad, 20-30 min máximo por bloque. Duración recomendada: 20 min.',NULL),(319,'Immortal','game_sense','Lectura de la economía enemiga (Immortal)','Cuenta armas y ulti enemigas. Si van eco, juega seguro. Si full-buy, anti-eco no aplica. Adaptación Immortal: Rutina de mantenimiento: calidad sobre cantidad, 20-30 min máximo por bloque. Duración recomendada: 20 min.',NULL),(320,'Immortal','game_sense','Adaptación al meta del oponente (Immortal)','Si el enemigo repite la misma estrategia 2 rondas, cambia tu setup defensivo para contrarrestar. Adaptación Immortal: Rutina de mantenimiento: calidad sobre cantidad, 20-30 min máximo por bloque. Duración recomendada: 20 min.',NULL),(321,'Radiant','aim','Colocación de mira en esquinas (Radiant)','Practica apuntar siempre a la altura de la cabeza en cada esquina antes de asomar. Mapa: The Range o Aim Labs. Adaptación Radiant: Micro-ajustes personalizados, revisión de partidas pro y análisis propio. Duración recomendada: 15 min.',NULL),(322,'Radiant','aim','Flick shots a la cabeza (Radiant)','Calienta con 3 tandas de flicks rápidos en Aim Labs (Gridshot Precision). Céntrate en detenerte en la diana, no pasarte. Adaptación Radiant: Micro-ajustes personalizados, revisión de partidas pro y análisis propio. Duración recomendada: 15 min.',NULL),(323,'Radiant','aim','Tracking contra objetivos móviles (Radiant)','Sigue a bots moviéndose horizontalmente sin disparar durante 5 min, luego añade ráfagas cortas. Adaptación Radiant: Micro-ajustes personalizados, revisión de partidas pro y análisis propio. Duración recomendada: 15 min.',NULL),(324,'Radiant','aim','Microajustes tras strafear (Radiant)','Entra al Range, corre 2 pasos, para en seco y dispara. Repite 100 veces. Adaptación Radiant: Micro-ajustes personalizados, revisión de partidas pro y análisis propio. Duración recomendada: 15 min.',NULL),(325,'Radiant','aim','Transiciones entre enemigos (Radiant)','Coloca 2 bots separados, alterna headshots. Objetivo: bajar el tiempo entre kills. Adaptación Radiant: Micro-ajustes personalizados, revisión de partidas pro y análisis propio. Duración recomendada: 15 min.',NULL),(326,'Radiant','aim','Pre-aim en ángulos comunes (Radiant)','Camina por el mapa apuntando a posiciones típicas antes de verlas (ej: window en Ascent, door en Bind). Adaptación Radiant: Micro-ajustes personalizados, revisión de partidas pro y análisis propio. Duración recomendada: 15 min.',NULL),(327,'Radiant','aim','Control de mira en swings (Radiant)','Haz wide swings a bots quietos manteniendo la mira a la altura de la cabeza durante todo el movimiento. Adaptación Radiant: Micro-ajustes personalizados, revisión de partidas pro y análisis propio. Duración recomendada: 15 min.',NULL),(328,'Radiant','aim','Reset post-kill (Radiant)','Tras cada kill, corrige la mira al siguiente ángulo sin pausa. Entrena con 4 bots en línea. Adaptación Radiant: Micro-ajustes personalizados, revisión de partidas pro y análisis propio. Duración recomendada: 15 min.',NULL),(329,'Radiant','movilidad','Counter-strafe limpio (Radiant)','Pulsa la tecla contraria a la dirección en la que corres antes de disparar. Precisión sube 50% si lo haces bien. Adaptación Radiant: Micro-ajustes personalizados, revisión de partidas pro y análisis propio. Duración recomendada: 15 min.',NULL),(330,'Radiant','movilidad','Jiggle peek rápido (Radiant)','Asomarte y volver a cubrirte en menos de 0.3 s para sacar info sin morir. Adaptación Radiant: Micro-ajustes personalizados, revisión de partidas pro y análisis propio. Duración recomendada: 15 min.',NULL),(331,'Radiant','movilidad','Wide swing vs close swing (Radiant)','Decide según el ángulo: wide para Operator, close para angles cerrados. Practica ambos 10 min. Adaptación Radiant: Micro-ajustes personalizados, revisión de partidas pro y análisis propio. Duración recomendada: 15 min.',NULL),(332,'Radiant','movilidad','Strafing durante el tiroteo (Radiant)','Mueve A-D-A-D combinando con counter-strafe. No dispares en movimiento continuo. Adaptación Radiant: Micro-ajustes personalizados, revisión de partidas pro y análisis propio. Duración recomendada: 15 min.',NULL),(333,'Radiant','movilidad','Movimiento silencioso (Radiant)','Alterna andar (shift) y correr. Los pasos dan info al enemigo: úsalo a tu favor con fakes. Adaptación Radiant: Micro-ajustes personalizados, revisión de partidas pro y análisis propio. Duración recomendada: 15 min.',NULL),(334,'Radiant','movilidad','Uso de dash o habilidad de movimiento (Radiant)','Para agentes con dash (Jett, Neon, Raze): practica entries con dash + disparo justo al aterrizar. Adaptación Radiant: Micro-ajustes personalizados, revisión de partidas pro y análisis propio. Duración recomendada: 15 min.',NULL),(335,'Radiant','movilidad','Rotaciones rápidas entre sitios (Radiant)','Cronometra tus rotaciones mid-to-A y mid-to-B. Meta: menos de 12 segundos. Adaptación Radiant: Micro-ajustes personalizados, revisión de partidas pro y análisis propio. Duración recomendada: 15 min.',NULL),(336,'Radiant','movilidad','Posicionamiento sin chocar con aliados (Radiant)','En Range con 4 aliados simulados, encuentra ángulos que no estorben crossfire. Adaptación Radiant: Micro-ajustes personalizados, revisión de partidas pro y análisis propio. Duración recomendada: 15 min.',NULL),(337,'Radiant','disparo','Ráfagas cortas a media distancia (Radiant)','Phantom/Vandal en ráfagas de 3 balas a 15-25 metros. Precisión objetivo: 60%+. Adaptación Radiant: Micro-ajustes personalizados, revisión de partidas pro y análisis propio. Duración recomendada: 15 min.',NULL),(338,'Radiant','disparo','Disparo a dos toques a larga distancia (Radiant)','Tap-tap a 30+ metros esperando 0.3 s entre disparos para reset de spread. Adaptación Radiant: Micro-ajustes personalizados, revisión de partidas pro y análisis propio. Duración recomendada: 15 min.',NULL),(339,'Radiant','disparo','Control de spray del Vandal (Radiant)','Vacía cargador completo en pared, memoriza el patrón. Compensa arrastrando hacia abajo-izquierda. Adaptación Radiant: Micro-ajustes personalizados, revisión de partidas pro y análisis propio. Duración recomendada: 15 min.',NULL),(340,'Radiant','disparo','Control de spray del Phantom (Radiant)','Igual que Vandal pero con pattern propio, más fácil de controlar. 30 repeticiones. Adaptación Radiant: Micro-ajustes personalizados, revisión de partidas pro y análisis propio. Duración recomendada: 15 min.',NULL),(341,'Radiant','disparo','Headshots con pistolas (Radiant)','Ghost y Sheriff: 10 minutos de deathmatch sólo pistolas, solo headshots. Adaptación Radiant: Micro-ajustes personalizados, revisión de partidas pro y análisis propio. Duración recomendada: 15 min.',NULL),(342,'Radiant','disparo','Apertura con Operator (Radiant)','Hold estático en ángulo largo, 1 disparo y reposicionar. No holdear dos veces el mismo ángulo. Adaptación Radiant: Micro-ajustes personalizados, revisión de partidas pro y análisis propio. Duración recomendada: 15 min.',NULL),(343,'Radiant','disparo','Tapping a larga distancia (Radiant)','Dispara 1 bala, espera a que la mira reset, vuelve a disparar. Fundamental en 1v1 a larga. Adaptación Radiant: Micro-ajustes personalizados, revisión de partidas pro y análisis propio. Duración recomendada: 15 min.',NULL),(344,'Radiant','disparo','Economía: eco, pistola y full-buy (Radiant)','Estudia las 3 situaciones: cuándo ahorrar, cuándo forzar y cuándo full-buy según ronda. Adaptación Radiant: Micro-ajustes personalizados, revisión de partidas pro y análisis propio. Duración recomendada: 15 min.',NULL),(345,'Radiant','utilidad','Humos básicos de controlador (Radiant)','Aprende 3 humos default por sitio con tu controller principal (Omen, Brimstone o Viper). Adaptación Radiant: Micro-ajustes personalizados, revisión de partidas pro y análisis propio. Duración recomendada: 15 min.',NULL),(346,'Radiant','utilidad','Flashes pop en esquinas (Radiant)','Flash curveada justo tras la esquina para cegar sin mostrarte. Practica con KAY/O, Skye o Phoenix. Adaptación Radiant: Micro-ajustes personalizados, revisión de partidas pro y análisis propio. Duración recomendada: 15 min.',NULL),(347,'Radiant','utilidad','Recon darts seguros (Radiant)','Con Sova o Fade: lanza recon desde cover sin exponerte. Aprende 2 lineups por mapa. Adaptación Radiant: Micro-ajustes personalizados, revisión de partidas pro y análisis propio. Duración recomendada: 15 min.',NULL),(348,'Radiant','utilidad','Molly post-plant (Radiant)','Molly que cubre la spike tras plant. Evita desactivaciones silenciosas. Adaptación Radiant: Micro-ajustes personalizados, revisión de partidas pro y análisis propio. Duración recomendada: 15 min.',NULL),(349,'Radiant','utilidad','Utilidad defensiva en sitio (Radiant)','Sage wall y Killjoy turret: aprende posiciones que retrasan un push completo 10+ segundos. Adaptación Radiant: Micro-ajustes personalizados, revisión de partidas pro y análisis propio. Duración recomendada: 15 min.',NULL),(350,'Radiant','utilidad','Sincronización de utilidad en equipo (Radiant)','Flash + entry al mismo tiempo. Cuenta en voz alta \"3-2-1 flash\" antes de lanzar. Adaptación Radiant: Micro-ajustes personalizados, revisión de partidas pro y análisis propio. Duración recomendada: 15 min.',NULL),(351,'Radiant','utilidad','Gestión de ultimate (Radiant)','No gastes ult en ronda ganada. Aprende valor económico de cada ult (Judgment, Showstopper, etc). Adaptación Radiant: Micro-ajustes personalizados, revisión de partidas pro y análisis propio. Duración recomendada: 15 min.',NULL),(352,'Radiant','utilidad','Fakes con utilidad (Radiant)','Utiliza humos y flashes en sitio B para forzar rotación enemiga, luego ejecuta A. Adaptación Radiant: Micro-ajustes personalizados, revisión de partidas pro y análisis propio. Duración recomendada: 15 min.',NULL),(353,'Radiant','game_sense','Callouts básicos del mapa (Radiant)','Aprende los 15 callouts principales de cada mapa. Sin callouts claros no hay coordinación. Adaptación Radiant: Micro-ajustes personalizados, revisión de partidas pro y análisis propio. Duración recomendada: 15 min.',NULL),(354,'Radiant','game_sense','Timings de rotación (Radiant)','Cronometra cuánto tarda el enemigo en llegar desde mid a tu sitio. Úsalo para decidir rotaciones. Adaptación Radiant: Micro-ajustes personalizados, revisión de partidas pro y análisis propio. Duración recomendada: 15 min.',NULL),(355,'Radiant','game_sense','Lectura del audio enemigo (Radiant)','Dedica 5 min de partida con volumen alto a IDENTIFICAR sonidos (pasos, reloads, utility). Adaptación Radiant: Micro-ajustes personalizados, revisión de partidas pro y análisis propio. Duración recomendada: 15 min.',NULL),(356,'Radiant','game_sense','Decisiones de plant o default (Radiant)','Con tiempo >30s y sitio libre: default. Con presión: plant inmediato y post-plant. Adaptación Radiant: Micro-ajustes personalizados, revisión de partidas pro y análisis propio. Duración recomendada: 15 min.',NULL),(357,'Radiant','game_sense','Clutch 1vX (Radiant)','Separa enemigos, usa utilidad para aislar uno y obliga duelos 1v1 secuenciales. Adaptación Radiant: Micro-ajustes personalizados, revisión de partidas pro y análisis propio. Duración recomendada: 15 min.',NULL),(358,'Radiant','game_sense','Info post-kill (Radiant)','Tras un kill, revela a tu equipo: \"one down A main, low HP\". Nunca mates en silencio. Adaptación Radiant: Micro-ajustes personalizados, revisión de partidas pro y análisis propio. Duración recomendada: 15 min.',NULL),(359,'Radiant','game_sense','Lectura de la economía enemiga (Radiant)','Cuenta armas y ulti enemigas. Si van eco, juega seguro. Si full-buy, anti-eco no aplica. Adaptación Radiant: Micro-ajustes personalizados, revisión de partidas pro y análisis propio. Duración recomendada: 15 min.',NULL),(360,'Radiant','game_sense','Adaptación al meta del oponente (Radiant)','Si el enemigo repite la misma estrategia 2 rondas, cambia tu setup defensivo para contrarrestar. Adaptación Radiant: Micro-ajustes personalizados, revisión de partidas pro y análisis propio. Duración recomendada: 15 min.',NULL);
/*!40000 ALTER TABLE `entrenamiento_opcion` ENABLE KEYS */;
UNLOCK TABLES;

--
-- Table structure for table `entrenamiento_video`
--

DROP TABLE IF EXISTS `entrenamiento_video`;
/*!40101 SET @saved_cs_client     = @@character_set_client */;
/*!40101 SET character_set_client = utf8 */;
CREATE TABLE `entrenamiento_video` (
  `id` int(11) NOT NULL AUTO_INCREMENT,
  `rango` enum('Iron','Bronze','Silver','Gold','Platinum','Diamond','Ascendant','Immortal','Radiant') NOT NULL,
  `categoria` enum('aim','movilidad','disparo','utilidad','game_sense') NOT NULL,
  `titulo` varchar(150) NOT NULL,
  `video_url` varchar(255) NOT NULL,
  `descripcion` varchar(300) NOT NULL,
  PRIMARY KEY (`id`),
  UNIQUE KEY `uniq_rango_categoria` (`rango`,`categoria`),
  KEY `idx_video_rango` (`rango`)
) ENGINE=InnoDB AUTO_INCREMENT=46 DEFAULT CHARSET=utf8mb4 COLLATE=utf8mb4_unicode_ci;
/*!40101 SET character_set_client = @saved_cs_client */;

--
-- Dumping data for table `entrenamiento_video`
--

LOCK TABLES `entrenamiento_video` WRITE;
/*!40000 ALTER TABLE `entrenamiento_video` DISABLE KEYS */;
INSERT INTO `entrenamiento_video` VALUES (1,'Iron','aim','Cómo poner la mira a la altura de la cabeza','https://www.youtube.com/watch?v=gp1hcJAg8ZA','En este vídeo explican los fundamentos del crosshair placement: mantener la mira a la altura de la cabeza para conseguir headshots fáciles.'),(2,'Iron','movilidad','Guía básica para principiantes en Valorant','https://www.youtube.com/watch?v=g_vRQ0KJ5bs','Configuración base, sensibilidad y primeros pasos de movimiento para jugadores totalmente nuevos en el juego.'),(3,'Iron','game_sense','Cómo salir de Hierro a Bronce en Valorant','https://www.youtube.com/watch?v=zxpQdWYgx0I','Consejos en español para dejar de perder rondas tontas: limpiar esquinas, usar el sonido y posicionarte mejor desde el primer rango.'),(4,'Iron','utilidad','Guía para principiantes: roles y agentes','https://www.youtube.com/watch?v=juZOFGtHm_c','Introducción a los roles (duelista, iniciador, controlador, centinela) y qué agentes son los más fáciles para empezar.'),(5,'Iron','disparo','Cómo funciona la economía en Valorant','https://www.youtube.com/watch?v=5skvzBtN7O4','Este tutorial desmenuza desde cero qué son los créditos, cuándo comprar y por qué no debes comprar el primer fusil que veas.'),(6,'Bronze','aim','Guía definitiva del aim en Valorant en español','https://www.youtube.com/watch?v=btPKj9O4HKU','Rutina explicada en español para mejorar puntería: deathmatch, calibración y errores típicos del jugador de bronce.'),(7,'Bronze','movilidad','Cómo hacer counter-strafe correctamente','https://www.youtube.com/watch?v=Xjs7xdMkLAE','Tutorial completo de movimiento y counter-strafe: parar antes de disparar y aprovechar la desaceleración para ser preciso.'),(8,'Bronze','game_sense','Cómo salir de Hierro/Bronce subiendo de rango','https://www.youtube.com/watch?v=CLYZqLBNwyU','Consejos en español enfocados en bronce: trades, no pushear solo y entender qué está haciendo tu equipo en cada ronda.'),(9,'Bronze','utilidad','Guía completa de Reyna para principiantes','https://www.youtube.com/watch?v=ZeTuBc_VrR4','Cómo usar las almas de Reyna, cuándo curarse, cuándo invisibilizarse y por qué es ideal para subir de rango en bajo elo.'),(10,'Bronze','disparo','Cómo ganar todas las rondas de pistola','https://www.youtube.com/watch?v=WkI9tiyYa0Y','Masterclass que cubre las mejores compras del primer round, cómo agruparse y por qué la pistola gana medio mapa.'),(11,'Silver','aim','El método del Phantom para dominar tu aim','https://www.youtube.com/watch?v=OnL2TrqD9t4','La regla número uno de Skill Capped para usar el Phantom: ráfagas controladas y micro-correcciones en la cabeza.'),(12,'Silver','movilidad','Cómo asomarte (peek) correctamente en Valorant','https://www.youtube.com/watch?v=qGc3W2SAl60','5 secretos de profesionales sobre cómo asomarte: pre-aim, distancia a la pared y cuándo wide swing en lugar de jiggle.'),(13,'Silver','game_sense','Mejora tu gamesense en Valorant - Episodio 1','https://www.youtube.com/watch?v=kZAfT2m661s','HitBoxKing explica en español qué es el gamesense, cómo leer la ronda y cómo predecir movimientos del rival.'),(14,'Silver','utilidad','Guía definitiva de Brimstone: humos y lineups','https://www.youtube.com/watch?v=ZKVx1AVwibg','Tutorial completo de Brimstone: cómo colocar humos efectivos, mollys y stim para entradas y post-plant.'),(15,'Silver','disparo','La guía COMPLETA de economía de Valorant','https://www.youtube.com/watch?v=_G3FkHQTev4','Cuándo hacer eco, cuándo force-buy y cuándo full-buy: lectura clara de la economía de tu equipo y del rival.'),(16,'Gold','aim','La guía definitiva del Vandal: 1-taps y spray control','https://www.youtube.com/watch?v=nlX-7OeVVTI','Clase rápida que repasa a dominar el Vandal: distancias para tap, burst y spray, además de errores típicos en oro.'),(17,'Gold','movilidad','Tipos de peek y cuándo usar cada uno','https://www.youtube.com/watch?v=zRQsK2VsTwY','Wide, jiggle, shoulder y jump peek: ejemplos prácticos de cuándo aplicar cada técnica según el ángulo y el arma.'),(18,'Gold','game_sense','Por qué estás atascado en Oro - Coaching','https://www.youtube.com/watch?v=mskMRPuBcWs','Análisis que disecciona los hábitos típicos del jugador de oro y qué cambios mentales hacen subir a platino rápido.'),(19,'Gold','utilidad','Guía definitiva de Killjoy en defensa','https://www.youtube.com/watch?v=5606LnN-lfU','Setups de torreta, alarmbot y nanoswarm para anclar bombsite sola y rotar con info constante para tu equipo.'),(20,'Gold','disparo','La guía DEFINITIVA de economía 2024','https://www.youtube.com/watch?v=HQ4mCWLLfVA','La guía actualizada de Skill Capped sobre cuándo guardar, cuándo forzar y cómo coordinar la economía con el equipo.'),(21,'Platinum','aim','Cómo controlan los pros sprays aleatorios','https://www.youtube.com/watch?v=Mdp8wctknlw','Vídeo que descompone cómo manejan los profesionales el spray del Vandal y Phantom incluso con patrones aleatorios.'),(22,'Platinum','movilidad','La guía DEFINITIVA de movimiento 2026','https://www.youtube.com/watch?v=NzAxzm0UqFQ','Movimiento avanzado: counter-strafe, jiggle, dashes y cómo combinar todo para ser impredecible en duelos.'),(23,'Platinum','game_sense','Cómo asegurar la ronda: post-plant y retake','https://www.youtube.com/watch?v=Jf4WWU9-iRU','Guía completa para cerrar rondas: dónde colocarte tras plantar, crossfires en retake y cuándo ir agresivo o pasivo.'),(24,'Platinum','utilidad','La única guía de Sova que necesitarás','https://www.youtube.com/watch?v=KizfBW-L1Qk','Repaso detallado de recon darts, lineups de drone y cómo usar el ulti de Sova para abrir bombsites como un pro.'),(25,'Platinum','disparo','La única guía de pistol round que necesitas','https://www.youtube.com/watch?v=rolFz3XvBF4','Estrategias avanzadas de pistol: agrupaciones, fakes, Sheriff vs Ghost y cómo convertir el bonus round.'),(26,'Diamond','aim','8 tips PRO de Phantom para aim perfecto','https://www.youtube.com/watch?v=VbCOeyviN14','Tips avanzados sobre el Phantom: pre-aim, micro-ajustes y cómo aprovechar el silenciador en duelos a media distancia.'),(27,'Diamond','movilidad','La guía DEFINITIVA de peeking 2024','https://www.youtube.com/watch?v=DPMYRG2gQJ0','Explicación paso a paso de todos los tipos de peek a nivel diamante y cuándo cada uno gana el duelo automáticamente.'),(28,'Diamond','game_sense','Cómo defaultear en ataque - Quick Guide','https://www.youtube.com/watch?v=HhC43L_sDjY','Cómo abrir mapa con un default proactivo: tomar control de zonas clave antes de comprometer un site.'),(29,'Diamond','utilidad','Cómo MASTERIZAR Jett: mecánicas avanzadas','https://www.youtube.com/watch?v=_C_S8LWSF-s','Combos de dash-melee, satchel boosts y posicionamiento con OP para sacar todo el potencial de Jett a alto nivel.'),(30,'Diamond','disparo','La regla que te salvará rondas','https://www.youtube.com/watch?v=iOD7mxRMcS8','Lección práctica sobre revela la regla de oro económica que evitan los jugadores de diamante para no romper la eco del equipo.'),(31,'Ascendant','aim','Un pro Radiante arregl¾ mi aim: 3 tips clave','https://www.youtube.com/watch?v=F7-J6cbpwh8','Un jugador radiante comparte 3 consejos valiosos para corregir errores comunes de aim: crosshair placement, micro-ajustes y rutina de calentamiento.'),(32,'Ascendant','movilidad','Aim Lab Routine de Woohoojin x Voltaic','https://www.youtube.com/watch?v=F42Wxtx5rqA','Rutina de calentamiento usada por radiantes: bloques de tracking, flicking y micro-ajustes antes de cada sesión competitiva.'),(33,'Ascendant','game_sense','Cómo lurkear/flanquear como un radiante','https://www.youtube.com/watch?v=d9UQW-zfrZY','Demostración que enseña cuándo lurkear, qué info dar al equipo y cómo timear el flank para abrir el mapa para tu team.'),(34,'Ascendant','utilidad','Guía Pro de Sova completa','https://www.youtube.com/watch?v=Z-YzKVxtqBU','Mini-tutorial sobre setups pro de Sova: lineups por mapa, recon timings y cómo combinar dron + dart en ejecuciones.'),(35,'Ascendant','disparo','Cómo ganar partidas con la economía perfecta','https://www.youtube.com/watch?v=x6Dhx-wv2uc','Guía en la que repasan cuándo guardar, cuándo forzar y cómo romper la economía rival a nivel ascendente/inmortal.'),(36,'Immortal','aim','Por qué Demon1 tiene el aim más rápido del mundo','https://www.youtube.com/watch?v=cGAVxKkbEqo','Análisis técnico del aim del campeón mundial Demon1: settings, postura, micro-correcciones y rutina diaria.'),(37,'Immortal','movilidad','5 tips PRO de peeking para más kills','https://www.youtube.com/watch?v=KQuSqNHLL3I','Trucos profesionales de movimiento usados en VCT: timings de jiggle, fakes y wide swings con armas pesadas.'),(38,'Immortal','game_sense','8 tips para ganar en Inmortal/Radiante','https://www.youtube.com/watch?v=zSh_DsHd4RI','Tips específicos para alto elo: comunicación corta, trades garantizados, posicionamiento de IGL y lectura del enemigo.'),(39,'Immortal','utilidad','La única guía de Jett que necesitarás (2024)','https://www.youtube.com/watch?v=enmsXOKyhi4','Consejo del canal sobre la Jett moderna: dash timings, satchel boosts, ulti de Blade Storm y posicionamiento con OP.'),(40,'Immortal','disparo','Pro Tips #4: comunicación en post-plant y retake','https://www.youtube.com/watch?v=2TsGHXU29aw','Liquid nAts explica cómo coordinar economía y utility en post-plant y retake: cada bala y habilidad cuenta a alto nivel.'),(41,'Radiant','aim','La guía definitiva de aim training 2026','https://www.youtube.com/watch?v=raBZiA3Ab3k','Rutina de entrenamiento radiante para 2026: KovaaK, Aim Lab y deathmatch con métricas para mantenerse top.'),(42,'Radiant','movilidad','Cómo conseguir movimiento RADIANTE con jiggle peek','https://www.youtube.com/watch?v=ks4UuSEJIE4','Movimiento de nivel radiante: jiggle peek perfecto, fakes y combinaciones de A-D para ser ilegible en pistola.'),(43,'Radiant','game_sense','Cómo hago VOD review como coach radiante','https://www.youtube.com/watch?v=Xc_L1cIx84Y','Sistema de VOD review usado por coaches radiantes: qué buscar, cómo etiquetar errores y cómo extraer mejoras concretas.'),(44,'Radiant','utilidad','Inmortal Jett en Pearl - Coaching VOD #172','https://www.youtube.com/watch?v=MFCTowsWloU','VOD review en profundidad de Jett en Pearl al nivel inmortal: decisiones, dashes, OP plays y errores corregidos por un coach radiante.'),(45,'Radiant','disparo','Cómo ve cada partida el coach Sliggy','https://www.youtube.com/watch?v=xN97XTiUogc','Sliggy y FNS analizan ENVY vs C9 en VCT: lectura de economía pro, llamadas de force buy y gestión de utility por ronda.');
/*!40000 ALTER TABLE `entrenamiento_video` ENABLE KEYS */;
UNLOCK TABLES;

--
-- Table structure for table `lineup`
--

DROP TABLE IF EXISTS `lineup`;
/*!40101 SET @saved_cs_client     = @@character_set_client */;
/*!40101 SET character_set_client = utf8 */;
CREATE TABLE `lineup` (
  `id` int(11) NOT NULL AUTO_INCREMENT,
  `usuario_id` int(11) DEFAULT NULL,
  `agente_id` int(11) NOT NULL,
  `mapa` enum('Ascent','Bind','Breeze','Fracture','Haven','Icebox','Lotus','Pearl','Split','Sunset','Abyss') NOT NULL,
  `titulo` varchar(100) NOT NULL,
  `descripcion` text NOT NULL,
  `video_url` varchar(255) NOT NULL,
  `aprobado` tinyint(1) NOT NULL DEFAULT 0,
  `creado_en` timestamp NOT NULL DEFAULT current_timestamp(),
  PRIMARY KEY (`id`),
  KEY `usuario_id` (`usuario_id`),
  KEY `agente_id` (`agente_id`),
  CONSTRAINT `lineup_ibfk_1` FOREIGN KEY (`usuario_id`) REFERENCES `usuario` (`id`) ON DELETE SET NULL,
  CONSTRAINT `lineup_ibfk_2` FOREIGN KEY (`agente_id`) REFERENCES `agente` (`id`) ON DELETE CASCADE
) ENGINE=InnoDB AUTO_INCREMENT=806 DEFAULT CHARSET=utf8mb4 COLLATE=utf8mb4_unicode_ci;
/*!40101 SET character_set_client = @saved_cs_client */;

--
-- Dumping data for table `lineup`
--

LOCK TABLES `lineup` WRITE;
/*!40000 ALTER TABLE `lineup` DISABLE KEYS */;
INSERT INTO `lineup` VALUES (531,1,1,'Ascent','Lineup de Jett en Ascent','Spots de dash, updraft y blade storm para Ascent explicados en vídeo.','https://www.youtube.com/watch?v=6IIo-JRO4pw',1,'2026-04-19 00:42:00'),(532,1,1,'Haven','Lineup de Jett en Haven','Los mejores updraft spots de Jett en Haven a nivel inmortal para ganar altura y sorprender al rival.','https://www.youtube.com/watch?v=e-Ggx8lF0qg',1,'2026-04-19 00:42:00'),(533,1,2,'Ascent','Lineup de Reyna en Ascent','Tips prácticos para sacar el máximo del dismiss, leer y ultimate en Ascent.','https://www.youtube.com/watch?v=_3Y6K9xE4Kw',1,'2026-04-19 00:42:00'),(534,1,2,'Bind','Lineup de Reyna en Bind','Timings, rotaciones y spots de entrada de Reyna en Bind.','https://www.youtube.com/watch?v=k_vGjs73WV4',1,'2026-04-19 00:42:00'),(535,1,3,'Icebox','Lineup de Raze en Icebox','Recopilación de grenade spots y boombots de Raze en Icebox.','https://www.youtube.com/watch?v=XlPbPvhwROY',1,'2026-04-19 00:42:00'),(536,1,3,'Bind','Lineup de Raze en Bind','Lineups de boombot y granada para limpiar ángulos de Bind sin exponerte.','https://www.youtube.com/watch?v=SSIDQN5Fxjc',1,'2026-04-19 00:42:00'),(537,1,4,'Ascent','Lineup de Phoenix en Ascent','Mollies post-plant de Phoenix en Ascent con referencias visuales claras.','https://www.youtube.com/watch?v=uIyoEBkAJFo',1,'2026-04-19 00:42:00'),(538,1,4,'Pearl','Lineup de Phoenix en Pearl','Walls y flashes esenciales de Phoenix para atacar y defender en Pearl.','https://www.youtube.com/watch?v=S7EZ0Ea-eFw',1,'2026-04-19 00:42:00'),(539,1,5,'Icebox','Lineup de Yoru en Icebox','Teletransportes y clones actualizados para Icebox como Yoru.','https://www.youtube.com/watch?v=Ny07rHQ6Cg0',1,'2026-04-19 00:42:00'),(540,1,5,'Pearl','Lineup de Yoru en Pearl','Combos de flash + TP en Pearl para entries con engaño.','https://www.youtube.com/watch?v=nggh2cURyhQ',1,'2026-04-19 00:42:00'),(541,1,6,'Lotus','Lineup de Neon en Lotus','Relay bolts y stuns de Neon optimizados para los pasillos de Lotus.','https://www.youtube.com/watch?v=tWvjTUwP3k0',1,'2026-04-19 00:42:00'),(542,1,6,'Ascent','Lineup de Neon en Ascent','Los 15 spots más útiles de relay bolt de Neon para controlar Ascent.','https://www.youtube.com/watch?v=YlCL5HjbX-0',1,'2026-04-19 00:42:00'),(543,1,7,'Ascent','Lineup de Iso en Ascent','Kit completo de Iso: escudo, flash indetectable y duelos limpios.','https://www.youtube.com/watch?v=Jk_I13AfQ3A',1,'2026-04-19 00:42:00'),(544,1,7,'Haven','Lineup de Iso en Haven','Posiciones y timing de Iso específicos para atacar y defender Haven.','https://www.youtube.com/watch?v=ej3IPR6CMf8',1,'2026-04-19 00:42:00'),(545,1,8,'Haven','Lineup de Sova en Haven','Recon arrows de Sova fáciles de replicar en Haven para sacar info sin morir.','https://www.youtube.com/watch?v=ijzvs3aWTvM',1,'2026-04-19 00:42:00'),(546,1,8,'Split','Lineup de Sova en Split','Recon + shock darts de Sova en Split para romper ejecutes defensivos.','https://www.youtube.com/watch?v=hnLQlVqJtGQ',1,'2026-04-19 00:42:00'),(547,1,9,'Split','Lineup de Breach en Split','Setups pro de Breach en Split explicados por Redgar (Team Liquid).','https://www.youtube.com/watch?v=R_njZnidXn0',1,'2026-04-19 00:42:00'),(548,1,9,'Bind','Lineup de Breach en Bind','Los 5 spots defensivos clave de Breach en Bind para frenar pushes.','https://www.youtube.com/watch?v=k6n7hT8OqnE',1,'2026-04-19 00:42:00'),(549,1,10,'Pearl','Lineup de Skye en Pearl','Todas las flashes imprescindibles de Skye en Pearl con referencias 1:1.','https://www.youtube.com/watch?v=fvDkTWtl-1o',1,'2026-04-19 00:42:00'),(550,1,10,'Bind','Lineup de Skye en Bind','Spots ofensivos de Skye en Bind para entradas a A y B con info del perro.','https://www.youtube.com/watch?v=2N9EQxbYKZM',1,'2026-04-19 00:42:00'),(551,1,11,'Ascent','Lineup de KAY/O en Ascent','Flashes largas y knife de supresión de KAY/O para dominar Ascent.','https://www.youtube.com/watch?v=upRqW_UxEP4',1,'2026-04-19 00:42:00'),(552,1,11,'Split','Lineup de KAY/O en Split','Combos de KAY/O para atacar mid y sites de Split sin exponerse.','https://www.youtube.com/watch?v=kEyU458r2g0',1,'2026-04-19 00:42:00'),(553,1,12,'Ascent','Lineup de Fade en Ascent','Prowlers y haunt de Fade para romper posiciones defensivas en Ascent.','https://www.youtube.com/watch?v=3WQnLOYbDQU',1,'2026-04-19 00:42:00'),(554,1,12,'Bind','Lineup de Fade en Bind','Setups de Fade en Bind aprovechando teletransportes y corredores.','https://www.youtube.com/watch?v=sJRtxSIvmtI',1,'2026-04-19 00:42:00'),(555,1,13,'Haven','Lineup de Gekko en Haven','Utilidad reutilizable de Gekko aplicada al 3-site layout de Haven.','https://www.youtube.com/watch?v=yvzeiRQvmG8',1,'2026-04-19 00:42:00'),(556,1,13,'Split','Lineup de Gekko en Split','Spots de Wingman y Dizzy en Split para atacar rápido y desactivar spike.','https://www.youtube.com/watch?v=9bsizCeHfVs',1,'2026-04-19 00:42:00'),(557,1,14,'Bind','Lineup de Brimstone en Bind','Humos orbitales y mollies esenciales de Brimstone para atacar Bind.','https://www.youtube.com/watch?v=PUQZ-mY8d1Y',1,'2026-04-19 00:42:00'),(558,1,14,'Pearl','Lineup de Brimstone en Pearl','Mollies post-plant actualizadas de Brimstone en Pearl.','https://www.youtube.com/watch?v=KK-kL1goYv8',1,'2026-04-19 00:42:00'),(559,1,15,'Bind','Lineup de Viper en Bind','Wall + smoke de Viper en Bind con setups pro para atacar y defender.','https://www.youtube.com/watch?v=mTKRgGZ9vPY',1,'2026-04-19 00:42:00'),(560,1,15,'Pearl','Lineup de Viper en Pearl','Compilación completa de lineups de Viper en Pearl.','https://www.youtube.com/watch?v=SGFIgTg9MmM',1,'2026-04-19 00:42:00'),(561,1,16,'Bind','Lineup de Omen en Bind','One-way smokes de Omen en Bind que bloquean al enemigo pero te dejan ver.','https://www.youtube.com/watch?v=IGfxYrmZu78',1,'2026-04-19 00:42:00'),(562,1,16,'Ascent','Lineup de Omen en Ascent','Los 15 one-ways más fuertes de Omen en Ascent, atacando y defendiendo.','https://www.youtube.com/watch?v=NxM2ypzT7AI',1,'2026-04-19 00:42:00'),(563,1,17,'Haven','Lineup de Astra en Haven','Colocación avanzada de estrellas de Astra para controlar Haven.','https://www.youtube.com/watch?v=x_H_OTClGh0',1,'2026-04-19 00:42:00'),(564,1,17,'Ascent','Lineup de Astra en Ascent','Setups defensivos de Astra aplicables a Ascent.','https://www.youtube.com/watch?v=DWOartQLdFI',1,'2026-04-19 00:42:00'),(565,1,18,'Bind','Lineup de Harbor en Bind','Walls y cove de Harbor en Bind para cobertura amplia.','https://www.youtube.com/watch?v=EnKYNKa2J74',1,'2026-04-19 00:42:00'),(566,1,18,'Pearl','Lineup de Harbor en Pearl','Setups de Harbor en Pearl combinados con el mid estrecho.','https://www.youtube.com/watch?v=oByfU8HeENA',1,'2026-04-19 00:42:00'),(567,1,19,'Ascent','Lineup de Clove en Ascent','Humos y reanimaciones de Clove aplicados a Ascent.','https://www.youtube.com/watch?v=YLgS9UxiTQg',1,'2026-04-19 00:42:00'),(568,1,19,'Bind','Lineup de Clove en Bind','Gameplay competitivo de Clove en Bind con lineups explicados.','https://www.youtube.com/watch?v=kcFoKOJlXBo',1,'2026-04-19 00:42:00'),(569,1,20,'Ascent','Lineup de Sage en Ascent','Walls, lentas y heal de Sage para dominar Ascent.','https://www.youtube.com/watch?v=fcE41-2zyeY',1,'2026-04-19 00:42:00'),(570,1,20,'Icebox','Lineup de Sage en Icebox','Los walls y slows pro más utilizados de Sage en Icebox.','https://www.youtube.com/watch?v=ugCpMJEypMw',1,'2026-04-19 00:42:00'),(571,1,21,'Ascent','Lineup de Cypher en Ascent','Setups completos de Cypher en Ascent: cámara, trips y one-ways.','https://www.youtube.com/watch?v=fhzq07kh3rc',1,'2026-04-19 00:42:00'),(572,1,21,'Icebox','Lineup de Cypher en Icebox','Setups pro de Cypher en Icebox con cages, trips y posiciones de cam.','https://www.youtube.com/watch?v=RkwgZLPoJJw',1,'2026-04-19 00:42:00'),(573,1,22,'Ascent','Lineup de Killjoy en Ascent','Turret, nanoswarms y ult de Killjoy para Ascent, explicado fácil.','https://www.youtube.com/watch?v=NfuqxBeyBFM',1,'2026-04-19 00:42:00'),(574,1,22,'Fracture','Lineup de Killjoy en Fracture','Setups de Killjoy en Fracture aprovechando el spawn dividido.','https://www.youtube.com/watch?v=jXF88KnIq8g',1,'2026-04-19 00:42:00'),(575,1,23,'Ascent','Lineup de Chamber en Ascent','Teletransportes y trampas de Chamber optimizados para Ascent.','https://www.youtube.com/watch?v=80WbxXOaXx0',1,'2026-04-19 00:42:00'),(576,1,23,'Breeze','Lineup de Chamber en Breeze','Lineups de teleport de Chamber en Breeze para reposicionar rápido.','https://www.youtube.com/watch?v=KHsCDUyKavY',1,'2026-04-19 00:42:00'),(577,1,24,'Ascent','Lineup de Deadlock en Ascent','Sensor, muro de malla y ult cápsula de Deadlock en Ascent.','https://www.youtube.com/watch?v=CavNYCM0R5M',1,'2026-04-19 00:42:00'),(578,1,24,'Split','Lineup de Deadlock en Split','Setups y lineups completos de Deadlock en Split.','https://www.youtube.com/watch?v=q_XmbfmVbOU',1,'2026-04-19 00:42:00'),(579,1,25,'Bind','Lineup de Vyse en Bind','Traps y humos efímeros de Vyse aplicados a los corredores de Bind.','https://www.youtube.com/watch?v=1k5qaN8mAuU',1,'2026-04-19 00:42:00'),(580,1,25,'Sunset','Lineup de Vyse en Sunset','Setups de Vyse en Sunset: traps, humos y timings por ronda.','https://www.youtube.com/watch?v=vGdyjTmPSN4',1,'2026-04-19 00:42:00'),(581,1,1,'Bind','Guía de Jett en Bind','Análisis de dash de Jett en Bind: teleports y cerrar rotaciones del rival.','https://www.youtube.com/watch?v=enmsXOKyhi4',1,'2026-04-19 00:42:00'),(582,1,1,'Breeze','Guía de Jett en Breeze','Análisis de cloudburst y bladestorm de Jett — útil en ángulos largos de Breeze.','https://www.youtube.com/watch?v=n9KGSw9qeCk',1,'2026-04-19 00:42:00'),(583,1,1,'Fracture','Guía de Jett en Fracture','Claves con cloudburst + bladestorm de Jett para B arcade en Fracture.','https://www.youtube.com/watch?v=Kl-jE_voscI',1,'2026-04-19 00:42:00'),(584,1,1,'Icebox','Guía de Jett en Icebox','Icebox, B nest: aprovecha updraft de Jett para limpiar ángulos comunes.','https://www.youtube.com/watch?v=k8YbYcZstAA',1,'2026-04-19 00:42:00'),(585,1,1,'Lotus','Guía de Jett en Lotus','Recopilatorio de updraft de Jett en Lotus: puertas giratorias y ganar duelos a distancia.','https://www.youtube.com/watch?v=gP7L4CJFcb0',1,'2026-04-19 00:42:00'),(586,1,1,'Pearl','Guía de Jett en Pearl','Repaso de tailwind y updraft de Jett — útil en mid link de Pearl.','https://www.youtube.com/watch?v=p2S-8EPfXV8',1,'2026-04-19 00:42:00'),(587,1,1,'Split','Guía de Jett en Split','Claves con dash + updraft de Jett para chokes estrechos en Split.','https://www.youtube.com/watch?v=bn8u3qaww5k',1,'2026-04-19 00:42:00'),(588,1,1,'Sunset','Guía de Jett en Sunset','Sunset, market: aprovecha dash de Jett para limpiar ángulos comunes.','https://www.youtube.com/watch?v=uPXoq7mRH7U',1,'2026-04-19 00:42:00'),(589,1,1,'Abyss','Guía de Jett en Abyss','Jett en Abyss: combos de updraft y dash para coger info sin exponerte.','https://www.youtube.com/watch?v=enmsXOKyhi4',1,'2026-04-19 00:42:00'),(590,1,2,'Breeze','Guía de Reyna en Breeze','Reyna en Breeze: combos de leer y dismiss para romper holds defensivos.','https://www.youtube.com/watch?v=A_SuPBvsvy0',1,'2026-04-19 00:42:00'),(591,1,2,'Fracture','Guía de Reyna en Fracture','Fracture, A dish: aprovecha empress de Reyna para controlar zonas clave.','https://www.youtube.com/watch?v=AMaEwrfJt0o',1,'2026-04-19 00:42:00'),(592,1,2,'Haven','Guía de Reyna en Haven','Claves de devour de Reyna en Haven: garage y negar peek a los duelistas.','https://www.youtube.com/watch?v=1RRlGDwNdmY',1,'2026-04-19 00:42:00'),(593,1,2,'Icebox','Guía de Reyna en Icebox','Repaso de leer de Reyna en Icebox: mid orbital y aguantar retakes.','https://www.youtube.com/watch?v=ZeTuBc_VrR4',1,'2026-04-19 00:42:00'),(594,1,2,'Lotus','Guía de Reyna en Lotus','Cómo ganar duelos a distancia con Reyna: empress y leer en Lotus.','https://www.youtube.com/watch?v=PfG9l8ZEdUQ',1,'2026-04-19 00:42:00'),(595,1,2,'Pearl','Guía de Reyna en Pearl','Así se usa dismiss de Reyna en Pearl — foco en A main.','https://www.youtube.com/watch?v=A_SuPBvsvy0',1,'2026-04-19 00:42:00'),(596,1,2,'Split','Guía de Reyna en Split','Reyna en Split: combos de empress y almas para ganar tiempo al contrario.','https://www.youtube.com/watch?v=AMaEwrfJt0o',1,'2026-04-19 00:42:00'),(597,1,2,'Sunset','Guía de Reyna en Sunset','Trucos con empress de Reyna en Sunset: entries cortos y negar peek a los duelistas.','https://www.youtube.com/watch?v=1RRlGDwNdmY',1,'2026-04-19 00:42:00'),(598,1,2,'Abyss','Guía de Reyna en Abyss','Claves con almas + dismiss de Reyna para huecos de caída en Abyss.','https://www.youtube.com/watch?v=ZeTuBc_VrR4',1,'2026-04-19 00:42:00'),(599,1,3,'Ascent','Guía de Raze en Ascent','Repaso de boombot de Raze en Ascent: mid abierto y controlar zonas clave.','https://www.youtube.com/watch?v=ZCNtapWERZU',1,'2026-04-19 00:42:00'),(600,1,3,'Breeze','Guía de Raze en Breeze','Cómo controlar zonas clave con Raze: blast pack y paint shells en Breeze.','https://www.youtube.com/watch?v=uAM4vCMmOz0',1,'2026-04-19 00:42:00'),(601,1,3,'Fracture','Guía de Raze en Fracture','Claves con boombot + paint shells de Raze para entradas cruzadas en Fracture.','https://www.youtube.com/watch?v=c4tAXqGDduc',1,'2026-04-19 00:42:00'),(602,1,3,'Haven','Guía de Raze en Haven','Cómo coger info sin exponerte con Raze: boombot y blast pack en Haven.','https://www.youtube.com/watch?v=zeScm1IV6jM',1,'2026-04-19 00:42:00'),(603,1,3,'Lotus','Guía de Raze en Lotus','Rutinas de paint shells de Raze en Lotus: C mound y negar peek a los duelistas.','https://www.youtube.com/watch?v=ifwfa5tl73Q',1,'2026-04-19 00:42:00'),(604,1,3,'Pearl','Guía de Raze en Pearl','Trucos con paint shells y blast pack de Raze — útil en B main de Pearl.','https://www.youtube.com/watch?v=XlPbPvhwROY',1,'2026-04-19 00:42:00'),(605,1,3,'Split','Guía de Raze en Split','Claves con paint shells + showstopper de Raze para heaven en Split.','https://www.youtube.com/watch?v=M3lrtAwl_Y8',1,'2026-04-19 00:42:00'),(606,1,3,'Sunset','Guía de Raze en Sunset','Claves con boombot + granadas de Raze para A main en Sunset.','https://www.youtube.com/watch?v=bBX401GvFzg',1,'2026-04-19 00:42:00'),(607,1,3,'Abyss','Guía de Raze en Abyss','Raze en Abyss: combos de blast pack y showstopper para limpiar ángulos comunes.','https://www.youtube.com/watch?v=ZngddhJN3jM',1,'2026-04-19 00:42:00'),(608,1,4,'Bind','Guía de Phoenix en Bind','Claves con blaze + flash curva de Phoenix para A short en Bind.','https://www.youtube.com/watch?v=Mi7OVzQgPkM',1,'2026-04-19 00:42:00'),(609,1,4,'Breeze','Guía de Phoenix en Breeze','Cómo ganar duelos a distancia con Phoenix: run it back y flash curva en Breeze.','https://www.youtube.com/watch?v=ltcs81Kz5-g',1,'2026-04-19 00:42:00'),(610,1,4,'Fracture','Guía de Phoenix en Fracture','Claves de blaze de Phoenix en Fracture: B arcade y ejecutar plants seguros.','https://www.youtube.com/watch?v=ntPwCj2KFpI',1,'2026-04-19 00:42:00'),(611,1,4,'Haven','Guía de Phoenix en Haven','Claves de curveball y hot hands de Phoenix — útil en garage de Haven.','https://www.youtube.com/watch?v=grFPMFcvTgI',1,'2026-04-19 00:42:00'),(612,1,4,'Icebox','Guía de Phoenix en Icebox','Claves con curveball + hot hands de Phoenix para altura yellow en Icebox.','https://www.youtube.com/watch?v=gWxO9v4a1_0',1,'2026-04-19 00:42:00'),(613,1,4,'Lotus','Guía de Phoenix en Lotus','Así se usa flash curva de Phoenix en Lotus — foco en A main.','https://www.youtube.com/watch?v=eNMedU7ZwQ0',1,'2026-04-19 00:42:00'),(614,1,4,'Split','Guía de Phoenix en Split','Split, vents: aprovecha hot hands de Phoenix para negar peek a los duelistas.','https://www.youtube.com/watch?v=439vfL_WeXo',1,'2026-04-19 00:42:00'),(615,1,4,'Sunset','Guía de Phoenix en Sunset','Claves con run it back + flash curva de Phoenix para A main en Sunset.','https://www.youtube.com/watch?v=KOE8f9SwM08',1,'2026-04-19 00:42:00'),(616,1,4,'Abyss','Guía de Phoenix en Abyss','Ejecutes con run it back aplicado a huecos de caída de Abyss con Phoenix.','https://www.youtube.com/watch?v=Mi7OVzQgPkM',1,'2026-04-19 00:42:00'),(617,1,5,'Ascent','Guía de Yoru en Ascent','Claves con clones + fakeout de Yoru para mid abierto en Ascent.','https://www.youtube.com/watch?v=AS6u-1GDti0',1,'2026-04-19 00:42:00'),(618,1,5,'Bind','Guía de Yoru en Bind','Así se usa blindside de Yoru en Bind — foco en teleports.','https://www.youtube.com/watch?v=Ny07rHQ6Cg0',1,'2026-04-19 00:42:00'),(619,1,5,'Breeze','Guía de Yoru en Breeze','Yoru en Breeze: combos de blindside y dimensional rift para encadenar trades limpios.','https://www.youtube.com/watch?v=qYGWXKDFSaw',1,'2026-04-19 00:42:00'),(620,1,5,'Fracture','Guía de Yoru en Fracture','Claves con dimensional rift + blindside de Yoru para B arcade en Fracture.','https://www.youtube.com/watch?v=CbdG4SslqvA',1,'2026-04-19 00:42:00'),(621,1,5,'Haven','Guía de Yoru en Haven','Así se usa clones de Yoru en Haven — foco en C long.','https://www.youtube.com/watch?v=XTayY9b4x7M',1,'2026-04-19 00:42:00'),(622,1,5,'Lotus','Guía de Yoru en Lotus','Rutinas de clones y fakeout de Yoru — útil en C mound de Lotus.','https://www.youtube.com/watch?v=DNfK3bOb_48',1,'2026-04-19 00:42:00'),(623,1,5,'Split','Guía de Yoru en Split','Guía sobre fakeout aplicado a heaven de Split con Yoru.','https://www.youtube.com/watch?v=eKPXFvf7YEc',1,'2026-04-19 00:42:00'),(624,1,5,'Sunset','Guía de Yoru en Sunset','Compilación con blindside de Yoru en Sunset: A main y coger info sin exponerte.','https://www.youtube.com/watch?v=ZlR8WT2ZGes',1,'2026-04-19 00:42:00'),(625,1,5,'Abyss','Guía de Yoru en Abyss','Abyss, zonas de vacío: aprovecha dimensional rift de Yoru para aguantar retakes.','https://www.youtube.com/watch?v=AS6u-1GDti0',1,'2026-04-19 00:42:00'),(626,1,6,'Bind','Guía de Neon en Bind','Cómo cerrar rotaciones del rival con Neon: stuns eléctricos y fast lane en Bind.','https://www.youtube.com/watch?v=ZLfs9_WMBCw',1,'2026-04-19 00:42:00'),(627,1,6,'Breeze','Guía de Neon en Breeze','Así se usa fast lane de Neon en Breeze — foco en ángulos largos.','https://www.youtube.com/watch?v=DQUnF-PCjJU',1,'2026-04-19 00:42:00'),(628,1,6,'Fracture','Guía de Neon en Fracture','Claves con fast lane + high gear de Neon para A dish en Fracture.','https://www.youtube.com/watch?v=d1ErdgTpq9A',1,'2026-04-19 00:42:00'),(629,1,6,'Haven','Guía de Neon en Haven','Spots clave de fast lane aplicado a garage de Haven con Neon.','https://www.youtube.com/watch?v=ohs4xDdumbc',1,'2026-04-19 00:42:00'),(630,1,6,'Icebox','Guía de Neon en Icebox','Rutinas de high gear aplicado a B nest de Icebox con Neon.','https://www.youtube.com/watch?v=6OAoVSRCT-k',1,'2026-04-19 00:42:00'),(631,1,6,'Pearl','Guía de Neon en Pearl','Neon en Pearl: combos de overdrive y fast lane para ganar tiempo al contrario.','https://www.youtube.com/watch?v=1CD_o2GRCE8',1,'2026-04-19 00:42:00'),(632,1,6,'Split','Guía de Neon en Split','Así se usa relay bolt de Neon en Split — foco en vents.','https://www.youtube.com/watch?v=DNm0hAe_avk',1,'2026-04-19 00:42:00'),(633,1,6,'Sunset','Guía de Neon en Sunset','Cómo usar stuns eléctricos aplicado a market de Sunset con Neon.','https://www.youtube.com/watch?v=K3SqM15jXjg',1,'2026-04-19 00:42:00'),(634,1,6,'Abyss','Guía de Neon en Abyss','Recopilatorio de overdrive y stuns eléctricos de Neon — útil en huecos de caída de Abyss.','https://www.youtube.com/watch?v=YlCL5HjbX-0',1,'2026-04-19 00:42:00'),(635,1,7,'Bind','Guía de Iso en Bind','Iso en Bind: combos de kill contract y flash indetectable para encadenar trades limpios.','https://www.youtube.com/watch?v=Jk_I13AfQ3A',1,'2026-04-19 00:42:00'),(636,1,7,'Breeze','Guía de Iso en Breeze','Cómo limpiar ángulos comunes con Iso: contingency y double tap en Breeze.','https://www.youtube.com/watch?v=441tMwoFSeE',1,'2026-04-19 00:42:00'),(637,1,7,'Fracture','Guía de Iso en Fracture','Iso en Fracture: combos de flash indetectable y undercut para abrir el site sin trades.','https://www.youtube.com/watch?v=wK3vS-5ysKY',1,'2026-04-19 00:42:00'),(638,1,7,'Icebox','Guía de Iso en Icebox','Claves con contingency + flash indetectable de Iso para mid orbital en Icebox.','https://www.youtube.com/watch?v=eorMRj8pjms',1,'2026-04-19 00:42:00'),(639,1,7,'Lotus','Guía de Iso en Lotus','Así se usa contingency de Iso en Lotus — foco en tres bombsites.','https://www.youtube.com/watch?v=h9SnmTkM1TY',1,'2026-04-19 00:42:00'),(640,1,7,'Pearl','Guía de Iso en Pearl','Cómo encadenar trades limpios con Iso: undercut y kill contract en Pearl.','https://www.youtube.com/watch?v=UQ--yj9VlPc',1,'2026-04-19 00:42:00'),(641,1,7,'Split','Guía de Iso en Split','Split, mid vertical: aprovecha double tap de Iso para negar peek a los duelistas.','https://www.youtube.com/watch?v=XSFvn_QzYz4',1,'2026-04-19 00:42:00'),(642,1,7,'Sunset','Guía de Iso en Sunset','Claves con contingency + double tap de Iso para entries cortos en Sunset.','https://www.youtube.com/watch?v=Jk_I13AfQ3A',1,'2026-04-19 00:42:00'),(643,1,7,'Abyss','Guía de Iso en Abyss','Guía sobre contingency aplicado a pushes peligrosos de Abyss con Iso.','https://www.youtube.com/watch?v=wK3vS-5ysKY',1,'2026-04-19 00:42:00'),(644,1,8,'Ascent','Guía de Sova en Ascent','Cómo coger info sin exponerte con Sova: hunter\'s fury y shock dart en Ascent.','https://www.youtube.com/watch?v=TllBMnOrZPo',1,'2026-04-19 00:42:00'),(645,1,8,'Bind','Guía de Sova en Bind','Así se usa hunter\'s fury de Sova en Bind — foco en A short.','https://www.youtube.com/watch?v=K0DRiro-CYU',1,'2026-04-19 00:42:00'),(646,1,8,'Breeze','Guía de Sova en Breeze','Tutorial corto de hunter\'s fury de Sova en Breeze: mid doors y coger info sin exponerte.','https://www.youtube.com/watch?v=4itD_RuBTEw',1,'2026-04-19 00:42:00'),(647,1,8,'Fracture','Guía de Sova en Fracture','Timing y uso de owl drone aplicado a spawn partido de Fracture con Sova.','https://www.youtube.com/watch?v=Wp5EbeP6BLc',1,'2026-04-19 00:42:00'),(648,1,8,'Icebox','Guía de Sova en Icebox','Sova en Icebox: combos de recon dart y shock dart para encadenar trades limpios.','https://www.youtube.com/watch?v=dTBdvdAIbt4',1,'2026-04-19 00:42:00'),(649,1,8,'Lotus','Guía de Sova en Lotus','Cómo usar hunter\'s fury de Sova en Lotus: C mound y aguantar retakes.','https://www.youtube.com/watch?v=7hJKzED1Kkw',1,'2026-04-19 00:42:00'),(650,1,8,'Pearl','Guía de Sova en Pearl','Rutinas de flechas de info y recon dart de Sova — útil en B main de Pearl.','https://www.youtube.com/watch?v=RwEQ5zMqlEc',1,'2026-04-19 00:42:00'),(651,1,8,'Sunset','Guía de Sova en Sunset','Sova en Sunset: combos de shock dart y owl drone para cerrar rotaciones del rival.','https://www.youtube.com/watch?v=Qlbwecza9GI',1,'2026-04-19 00:42:00'),(652,1,8,'Abyss','Guía de Sova en Abyss','Sova en Abyss: combos de hunter\'s fury y flechas de info para aguantar retakes.','https://www.youtube.com/watch?v=04K6YaRNtE8',1,'2026-04-19 00:42:00'),(653,1,9,'Ascent','Guía de Breach en Ascent','Breach en Ascent: combos de stuns y flashpoint para romper holds defensivos.','https://www.youtube.com/watch?v=DeOcEFvttI8',1,'2026-04-19 00:42:00'),(654,1,9,'Breeze','Guía de Breach en Breeze','Claves con aftershock + stuns de Breach para mid doors en Breeze.','https://www.youtube.com/watch?v=3ajYrKSsqts',1,'2026-04-19 00:42:00'),(655,1,9,'Fracture','Guía de Breach en Fracture','Claves con aftershock + rolling thunder de Breach para entradas cruzadas en Fracture.','https://www.youtube.com/watch?v=YdRweoHncu4',1,'2026-04-19 00:42:00'),(656,1,9,'Haven','Guía de Breach en Haven','Mini guía de aftershock de Breach en Haven: garage y romper holds defensivos.','https://www.youtube.com/watch?v=MRO4iE9q1D0',1,'2026-04-19 00:42:00'),(657,1,9,'Icebox','Guía de Breach en Icebox','Cómo limpiar ángulos comunes con Breach: fault line y rolling thunder en Icebox.','https://www.youtube.com/watch?v=R_njZnidXn0',1,'2026-04-19 00:42:00'),(658,1,9,'Lotus','Guía de Breach en Lotus','Cómo encadenar trades limpios con Breach: aftershock y fault line en Lotus.','https://www.youtube.com/watch?v=vP-_67t2mjw',1,'2026-04-19 00:42:00'),(659,1,9,'Pearl','Guía de Breach en Pearl','Así se usa flashpoint de Breach en Pearl — foco en A main.','https://www.youtube.com/watch?v=8-etKs0bXY4',1,'2026-04-19 00:42:00'),(660,1,9,'Sunset','Guía de Breach en Sunset','Cómo limpiar ángulos comunes con Breach: aftershock y stuns en Sunset.','https://www.youtube.com/watch?v=SRBRDHMve3o',1,'2026-04-19 00:42:00'),(661,1,9,'Abyss','Guía de Breach en Abyss','Claves con stuns + fault line de Breach para huecos de caída en Abyss.','https://www.youtube.com/watch?v=3t2K5CbbKaQ',1,'2026-04-19 00:42:00'),(662,1,10,'Ascent','Guía de Skye en Ascent','Claves con seekers + guiding light de Skye para default CT en Ascent.','https://www.youtube.com/watch?v=hbfRsdxlZuY',1,'2026-04-19 00:42:00'),(663,1,10,'Breeze','Guía de Skye en Breeze','Skye en Breeze: combos de perro de info y regrowth para controlar zonas clave.','https://www.youtube.com/watch?v=fZIEzbmZYnw',1,'2026-04-19 00:42:00'),(664,1,10,'Fracture','Guía de Skye en Fracture','Skye en Fracture: combos de perro de info y seekers para encadenar trades limpios.','https://www.youtube.com/watch?v=pMnlZAN1ML0',1,'2026-04-19 00:42:00'),(665,1,10,'Haven','Guía de Skye en Haven','Guía sobre guiding light y seekers de Skye — útil en C long de Haven.','https://www.youtube.com/watch?v=LEgar8dJ0p8',1,'2026-04-19 00:42:00'),(666,1,10,'Icebox','Guía de Skye en Icebox','Spots clave de perro de info de Skye en Icebox: mid orbital y ejecutar plants seguros.','https://www.youtube.com/watch?v=881uAjwxtP8',1,'2026-04-19 00:42:00'),(667,1,10,'Lotus','Guía de Skye en Lotus','Así se usa regrowth de Skye en Lotus — foco en C mound.','https://www.youtube.com/watch?v=1ZoNhR-RYag',1,'2026-04-19 00:42:00'),(668,1,10,'Split','Guía de Skye en Split','Split, heaven: aprovecha perro de info de Skye para coger info sin exponerte.','https://www.youtube.com/watch?v=l1xGQuDaY0Y',1,'2026-04-19 00:42:00'),(669,1,10,'Sunset','Guía de Skye en Sunset','Trucos con seekers de Skye en Sunset: entries cortos y ejecutar plants seguros.','https://www.youtube.com/watch?v=2N9EQxbYKZM',1,'2026-04-19 00:42:00'),(670,1,10,'Abyss','Guía de Skye en Abyss','Spots clave de regrowth aplicado a zonas de vacío de Abyss con Skye.','https://www.youtube.com/watch?v=hbfRsdxlZuY',1,'2026-04-19 00:42:00'),(671,1,11,'Bind','Guía de KAY/O en Bind','Así se usa supresión de KAY/O en Bind — foco en hookah.','https://www.youtube.com/watch?v=upRqW_UxEP4',1,'2026-04-19 00:42:00'),(672,1,11,'Breeze','Guía de KAY/O en Breeze','KAY/O en Breeze: combos de FLASH/drive y NULL/cmd para ganar duelos a distancia.','https://www.youtube.com/watch?v=Fm-jF2IeNq8',1,'2026-04-19 00:42:00'),(673,1,11,'Fracture','Guía de KAY/O en Fracture','Claves con FLASH/drive + NULL/cmd de KAY/O para spawn partido en Fracture.','https://www.youtube.com/watch?v=WeFrgsitYUk',1,'2026-04-19 00:42:00'),(674,1,11,'Haven','Guía de KAY/O en Haven','Cómo negar peek a los duelistas con KAY/O: NULL/cmd y ZERO/point en Haven.','https://www.youtube.com/watch?v=6fHB_Fdyw_4',1,'2026-04-19 00:42:00'),(675,1,11,'Icebox','Guía de KAY/O en Icebox','Tutorial corto de NULL/cmd de KAY/O en Icebox: verticalidad y ejecutar plants seguros.','https://www.youtube.com/watch?v=PfbVL1xbFnc',1,'2026-04-19 00:42:00'),(676,1,11,'Lotus','Guía de KAY/O en Lotus','Claves de ZERO/point de KAY/O en Lotus: C mound y controlar zonas clave.','https://www.youtube.com/watch?v=UOjxEWdYg7U',1,'2026-04-19 00:42:00'),(677,1,11,'Pearl','Guía de KAY/O en Pearl','Consejos con ZERO/point y supresión de KAY/O — útil en B main de Pearl.','https://www.youtube.com/watch?v=TvRWcN4HetA',1,'2026-04-19 00:42:00'),(678,1,11,'Sunset','Guía de KAY/O en Sunset','Timing y uso de FLASH/drive de KAY/O en Sunset: B tiles y encadenar trades limpios.','https://www.youtube.com/watch?v=kEyU458r2g0',1,'2026-04-19 00:42:00'),(679,1,11,'Abyss','Guía de KAY/O en Abyss','KAY/O en Abyss: combos de FLASH/drive y FRAG/ment para controlar zonas clave.','https://www.youtube.com/watch?v=bC_GFxeWVjE',1,'2026-04-19 00:42:00'),(680,1,12,'Breeze','Guía de Fade en Breeze','Breeze, ángulos largos: aprovecha seize de Fade para ganar tiempo al contrario.','https://www.youtube.com/watch?v=5yqNa4HIq5Q',1,'2026-04-19 00:42:00'),(681,1,12,'Fracture','Guía de Fade en Fracture','Cómo limpiar ángulos comunes con Fade: seize y nightfall en Fracture.','https://www.youtube.com/watch?v=fuNC4r484tc',1,'2026-04-19 00:42:00'),(682,1,12,'Haven','Guía de Fade en Haven','Repaso de nightfall y marcaje de Fade — útil en C long de Haven.','https://www.youtube.com/watch?v=hRxLP-zZc8Q',1,'2026-04-19 00:42:00'),(683,1,12,'Icebox','Guía de Fade en Icebox','Recopilatorio de nightfall y marcaje de Fade — útil en B nest de Icebox.','https://www.youtube.com/watch?v=KrnUX7WcSgs',1,'2026-04-19 00:42:00'),(684,1,12,'Lotus','Guía de Fade en Lotus','Así se usa haunt de Fade en Lotus — foco en C mound.','https://www.youtube.com/watch?v=L-UDtA0B8x8',1,'2026-04-19 00:42:00'),(685,1,12,'Pearl','Guía de Fade en Pearl','Cómo cerrar rotaciones del rival con Fade: prowler y nightfall en Pearl.','https://www.youtube.com/watch?v=R3yyx7F9-Q0',1,'2026-04-19 00:42:00'),(686,1,12,'Split','Guía de Fade en Split','Split, heaven: aprovecha haunt de Fade para negar peek a los duelistas.','https://www.youtube.com/watch?v=ASw-L7uV4-c',1,'2026-04-19 00:42:00'),(687,1,12,'Sunset','Guía de Fade en Sunset','Rutinas de marcaje y nightfall de Fade — útil en market de Sunset.','https://www.youtube.com/watch?v=RFVkhxHJZOw',1,'2026-04-19 00:42:00'),(688,1,12,'Abyss','Guía de Fade en Abyss','Timing y uso de seize aplicado a zonas de vacío de Abyss con Fade.','https://www.youtube.com/watch?v=n6G6M0jbmaE',1,'2026-04-19 00:42:00'),(689,1,13,'Ascent','Guía de Gekko en Ascent','Guía sobre criaturas reutilizables de Gekko en Ascent: B main y ganar duelos a distancia.','https://www.youtube.com/watch?v=TfMQq0kxjFM',1,'2026-04-19 00:42:00'),(690,1,13,'Bind','Guía de Gekko en Bind','Tutorial corto de wingman y mosh pit de Gekko — útil en teleports de Bind.','https://www.youtube.com/watch?v=7yV2u1tGyyk',1,'2026-04-19 00:42:00'),(691,1,13,'Breeze','Guía de Gekko en Breeze','Cómo controlar zonas clave con Gekko: wingman y criaturas reutilizables en Breeze.','https://www.youtube.com/watch?v=u24cy0vIdro',1,'2026-04-19 00:42:00'),(692,1,13,'Fracture','Guía de Gekko en Fracture','Claves con thrash + dizzy de Gekko para B arcade en Fracture.','https://www.youtube.com/watch?v=O7k9VIs8Czk',1,'2026-04-19 00:42:00'),(693,1,13,'Icebox','Guía de Gekko en Icebox','Claves con wingman + mosh pit de Gekko para B nest en Icebox.','https://www.youtube.com/watch?v=jElAIc29MYg',1,'2026-04-19 00:42:00'),(694,1,13,'Lotus','Guía de Gekko en Lotus','Mini guía de wingman aplicado a tres bombsites de Lotus con Gekko.','https://www.youtube.com/watch?v=De1TvkLWa5A',1,'2026-04-19 00:42:00'),(695,1,13,'Pearl','Guía de Gekko en Pearl','Claves con mosh pit + thrash de Gekko para sightlines largas en Pearl.','https://www.youtube.com/watch?v=E8wk8wT-igQ',1,'2026-04-19 00:42:00'),(696,1,13,'Sunset','Guía de Gekko en Sunset','Claves con criaturas reutilizables + mosh pit de Gekko para market en Sunset.','https://www.youtube.com/watch?v=UJzIqjGIBqg',1,'2026-04-19 00:42:00'),(697,1,13,'Abyss','Guía de Gekko en Abyss','Así se usa dizzy de Gekko en Abyss — foco en pushes peligrosos.','https://www.youtube.com/watch?v=2BOms1sV4UU',1,'2026-04-19 00:42:00'),(698,1,14,'Ascent','Guía de Brimstone en Ascent','Consejos con stim beacon aplicado a zonas de control de Ascent con Brimstone.','https://www.youtube.com/watch?v=mlM4ub1nrnY',1,'2026-04-19 00:42:00'),(699,1,14,'Breeze','Guía de Brimstone en Breeze','Breeze, A cave: aprovecha incendiary de Brimstone para abrir el site sin trades.','https://www.youtube.com/watch?v=USxwhBiso1M',1,'2026-04-19 00:42:00'),(700,1,14,'Fracture','Guía de Brimstone en Fracture','Así se usa stim beacon de Brimstone en Fracture — foco en spawn partido.','https://www.youtube.com/watch?v=fEikigj9UVs',1,'2026-04-19 00:42:00'),(701,1,14,'Haven','Guía de Brimstone en Haven','Ejecutes con stim beacon y humos aéreos de Brimstone — útil en tres sites de Haven.','https://www.youtube.com/watch?v=YwWR7lwboGU',1,'2026-04-19 00:42:00'),(702,1,14,'Icebox','Guía de Brimstone en Icebox','Repaso de orbital strike y stim beacon de Brimstone — útil en verticalidad de Icebox.','https://www.youtube.com/watch?v=XN7mxJ1RJKE',1,'2026-04-19 00:42:00'),(703,1,14,'Lotus','Guía de Brimstone en Lotus','Así se usa humos aéreos de Brimstone en Lotus — foco en tres bombsites.','https://www.youtube.com/watch?v=R9qpcrsbPE0',1,'2026-04-19 00:42:00'),(704,1,14,'Split','Guía de Brimstone en Split','Split, mid vertical: aprovecha stim beacon de Brimstone para ganar tiempo al contrario.','https://www.youtube.com/watch?v=YAnEa2wGywM',1,'2026-04-19 00:42:00'),(705,1,14,'Sunset','Guía de Brimstone en Sunset','Spots clave de sky smoke y stim beacon de Brimstone — útil en B tiles de Sunset.','https://www.youtube.com/watch?v=Q8gvPdspKQE',1,'2026-04-19 00:42:00'),(706,1,14,'Abyss','Guía de Brimstone en Abyss','Claves de orbital strike aplicado a pushes peligrosos de Abyss con Brimstone.','https://www.youtube.com/watch?v=svDLBeEOQUE',1,'2026-04-19 00:42:00'),(707,1,15,'Ascent','Guía de Viper en Ascent','Así se usa toxic screen de Viper en Ascent — foco en zonas de control.','https://www.youtube.com/watch?v=usH5oWyVtoc',1,'2026-04-19 00:42:00'),(708,1,15,'Breeze','Guía de Viper en Breeze','Repaso de viper\'s pit y toxic screen de Viper — útil en A cave de Breeze.','https://www.youtube.com/watch?v=H8r0DYiHfcc',1,'2026-04-19 00:42:00'),(709,1,15,'Fracture','Guía de Viper en Fracture','Viper en Fracture: combos de poison cloud y viper\'s pit para limpiar ángulos comunes.','https://www.youtube.com/watch?v=jlv-X3Q7EVg',1,'2026-04-19 00:42:00'),(710,1,15,'Haven','Guía de Viper en Haven','Cómo usar muro tóxico aplicado a C long de Haven con Viper.','https://www.youtube.com/watch?v=4bzWtc93Kkk',1,'2026-04-19 00:42:00'),(711,1,15,'Icebox','Guía de Viper en Icebox','Icebox, verticalidad: aprovecha poison cloud de Viper para aguantar retakes.','https://www.youtube.com/watch?v=zraT_niVJIk',1,'2026-04-19 00:42:00'),(712,1,15,'Lotus','Guía de Viper en Lotus','Lotus, C mound: aprovecha viper\'s pit de Viper para ejecutar plants seguros.','https://www.youtube.com/watch?v=3F5AGQbsaKk',1,'2026-04-19 00:42:00'),(713,1,15,'Split','Guía de Viper en Split','Así se usa toxic screen de Viper en Split — foco en heaven.','https://www.youtube.com/watch?v=LW3r-NglV3A',1,'2026-04-19 00:42:00'),(714,1,15,'Sunset','Guía de Viper en Sunset','Sunset, B tiles: aprovecha snake bite de Viper para negar peek a los duelistas.','https://www.youtube.com/watch?v=2TLG-EVmMjM',1,'2026-04-19 00:42:00'),(715,1,15,'Abyss','Guía de Viper en Abyss','Trucos con snake bite y muro tóxico de Viper — útil en zonas de vacío de Abyss.','https://www.youtube.com/watch?v=VNYjHQrBmoY',1,'2026-04-19 00:42:00'),(716,1,16,'Breeze','Guía de Omen en Breeze','Omen en Breeze: combos de shrouded step y dark cover para abrir el site sin trades.','https://www.youtube.com/watch?v=ydGrXcBttbo',1,'2026-04-19 00:42:00'),(717,1,16,'Fracture','Guía de Omen en Fracture','Así se usa dark cover de Omen en Fracture — foco en entradas cruzadas.','https://www.youtube.com/watch?v=u9DZdgiUSSU',1,'2026-04-19 00:42:00'),(718,1,16,'Haven','Guía de Omen en Haven','Claves con shrouded step + from the shadows de Omen para tres sites en Haven.','https://www.youtube.com/watch?v=qH7ZIczFUzo',1,'2026-04-19 00:42:00'),(719,1,16,'Icebox','Guía de Omen en Icebox','Rutinas de paranoia de Omen en Icebox: verticalidad y limpiar ángulos comunes.','https://www.youtube.com/watch?v=NxM2ypzT7AI',1,'2026-04-19 00:42:00'),(720,1,16,'Lotus','Guía de Omen en Lotus','Omen en Lotus: combos de paranoia y dark cover para negar peek a los duelistas.','https://www.youtube.com/watch?v=ydGrXcBttbo',1,'2026-04-19 00:42:00'),(721,1,16,'Pearl','Guía de Omen en Pearl','Pearl, sightlines largas: aprovecha paranoia de Omen para aguantar retakes.','https://www.youtube.com/watch?v=u9DZdgiUSSU',1,'2026-04-19 00:42:00'),(722,1,16,'Split','Guía de Omen en Split','Cómo cerrar rotaciones del rival con Omen: shrouded step y paranoia en Split.','https://www.youtube.com/watch?v=qH7ZIczFUzo',1,'2026-04-19 00:42:00'),(723,1,16,'Sunset','Guía de Omen en Sunset','Ejecutes con dark cover de Omen en Sunset: B tiles y limpiar ángulos comunes.','https://www.youtube.com/watch?v=ydGrXcBttbo',1,'2026-04-19 00:42:00'),(724,1,16,'Abyss','Guía de Omen en Abyss','Spots clave de teleport de Omen en Abyss: pushes peligrosos y limpiar ángulos comunes.','https://www.youtube.com/watch?v=u9DZdgiUSSU',1,'2026-04-19 00:42:00'),(725,1,17,'Bind','Guía de Astra en Bind','Trucos con astral form de Astra en Bind: hookah y ganar duelos a distancia.','https://www.youtube.com/watch?v=yCdSKvH6vsQ',1,'2026-04-19 00:42:00'),(726,1,17,'Breeze','Guía de Astra en Breeze','Trucos con astral form de Astra en Breeze: A cave y ejecutar plants seguros.','https://www.youtube.com/watch?v=Z2gIsLfgo4g',1,'2026-04-19 00:42:00'),(727,1,17,'Fracture','Guía de Astra en Fracture','Cómo ejecutar plants seguros con Astra: estrellas y astral form en Fracture.','https://www.youtube.com/watch?v=Vhvk5UaZwfU',1,'2026-04-19 00:42:00'),(728,1,17,'Icebox','Guía de Astra en Icebox','Astra en Icebox: combos de nova pulse y estrellas para controlar zonas clave.','https://www.youtube.com/watch?v=NoqQLNJcoZk',1,'2026-04-19 00:42:00'),(729,1,17,'Lotus','Guía de Astra en Lotus','Así se usa nebula de Astra en Lotus — foco en tres bombsites.','https://www.youtube.com/watch?v=5UN-A8BOi5I',1,'2026-04-19 00:42:00'),(730,1,17,'Pearl','Guía de Astra en Pearl','Cómo limpiar ángulos comunes con Astra: nova pulse y estrellas en Pearl.','https://www.youtube.com/watch?v=QHz3kllIU1E',1,'2026-04-19 00:42:00'),(731,1,17,'Split','Guía de Astra en Split','Split, mid vertical: aprovecha nebula de Astra para encadenar trades limpios.','https://www.youtube.com/watch?v=DWOartQLdFI',1,'2026-04-19 00:42:00'),(732,1,17,'Sunset','Guía de Astra en Sunset','Astra en Sunset: combos de gravity well y nova pulse para controlar zonas clave.','https://www.youtube.com/watch?v=yCdSKvH6vsQ',1,'2026-04-19 00:42:00'),(733,1,17,'Abyss','Guía de Astra en Abyss','Recopilatorio de nova pulse aplicado a pushes peligrosos de Abyss con Astra.','https://www.youtube.com/watch?v=Z2gIsLfgo4g',1,'2026-04-19 00:42:00'),(734,1,18,'Ascent','Guía de Harbor en Ascent','Ascent, zonas de control: aprovecha cove de Harbor para controlar zonas clave.','https://www.youtube.com/watch?v=WMjrkvj-3JQ',1,'2026-04-19 00:42:00'),(735,1,18,'Breeze','Guía de Harbor en Breeze','Consejos con cascade aplicado a A cave de Breeze con Harbor.','https://www.youtube.com/watch?v=2XYEVGYRDvI',1,'2026-04-19 00:42:00'),(736,1,18,'Fracture','Guía de Harbor en Fracture','Harbor en Fracture: combos de cove y high tide para abrir el site sin trades.','https://www.youtube.com/watch?v=VCYmRe2QrIE',1,'2026-04-19 00:42:00'),(737,1,18,'Haven','Guía de Harbor en Haven','Timing y uso de cove de Harbor en Haven: C long y controlar zonas clave.','https://www.youtube.com/watch?v=0SlEtW7TL1Q',1,'2026-04-19 00:42:00'),(738,1,18,'Icebox','Guía de Harbor en Icebox','Así se usa cascade de Harbor en Icebox — foco en verticalidad.','https://www.youtube.com/watch?v=XbI5deMRdT0',1,'2026-04-19 00:42:00'),(739,1,18,'Lotus','Guía de Harbor en Lotus','Cómo negar peek a los duelistas con Harbor: high tide y cove en Lotus.','https://www.youtube.com/watch?v=jAErL5AQEFA',1,'2026-04-19 00:42:00'),(740,1,18,'Split','Guía de Harbor en Split','Harbor en Split: combos de cove y cascade para cerrar rotaciones del rival.','https://www.youtube.com/watch?v=oBW3N7fD00o',1,'2026-04-19 00:42:00'),(741,1,18,'Sunset','Guía de Harbor en Sunset','Así se usa cascade de Harbor en Sunset — foco en B tiles.','https://www.youtube.com/watch?v=BWBVqPGtft8',1,'2026-04-19 00:42:00'),(742,1,18,'Abyss','Guía de Harbor en Abyss','Claves con reckoning + muros de agua de Harbor para zonas de vacío en Abyss.','https://www.youtube.com/watch?v=2XYEVGYRDvI',1,'2026-04-19 00:42:00'),(743,1,19,'Breeze','Guía de Clove en Breeze','Así se usa humos auto-regenerables de Clove en Breeze — foco en mid doors.','https://www.youtube.com/watch?v=892NsMU29y0',1,'2026-04-19 00:42:00'),(744,1,19,'Fracture','Guía de Clove en Fracture','Cómo ejecutar plants seguros con Clove: humos auto-regenerables y pick-me-up en Fracture.','https://www.youtube.com/watch?v=IvmVxV-5nYI',1,'2026-04-19 00:42:00'),(745,1,19,'Haven','Guía de Clove en Haven','Haven, garage: aprovecha humos auto-regenerables de Clove para controlar zonas clave.','https://www.youtube.com/watch?v=BQDdq_jOiOE',1,'2026-04-19 00:42:00'),(746,1,19,'Icebox','Guía de Clove en Icebox','Cómo usar humos auto-regenerables aplicado a mid orbital de Icebox con Clove.','https://www.youtube.com/watch?v=woHvKOTU0hM',1,'2026-04-19 00:42:00'),(747,1,19,'Lotus','Guía de Clove en Lotus','Guía sobre pick-me-up aplicado a A main de Lotus con Clove.','https://www.youtube.com/watch?v=fSr2kcXibPo',1,'2026-04-19 00:42:00'),(748,1,19,'Pearl','Guía de Clove en Pearl','Claves con ruse + not dead yet de Clove para A main en Pearl.','https://www.youtube.com/watch?v=YLgS9UxiTQg',1,'2026-04-19 00:42:00'),(749,1,19,'Split','Guía de Clove en Split','Cómo usar meddle y humos auto-regenerables de Clove — útil en vents de Split.','https://www.youtube.com/watch?v=3OSRnwXN6sw',1,'2026-04-19 00:42:00'),(750,1,19,'Sunset','Guía de Clove en Sunset','Spots clave de pick-me-up aplicado a entries cortos de Sunset con Clove.','https://www.youtube.com/watch?v=JPyLb6RCHls',1,'2026-04-19 00:42:00'),(751,1,19,'Abyss','Guía de Clove en Abyss','Así se usa humos auto-regenerables de Clove en Abyss — foco en huecos de caída.','https://www.youtube.com/watch?v=IvmVxV-5nYI',1,'2026-04-19 00:42:00'),(752,1,20,'Bind','Guía de Sage en Bind','Cómo limpiar ángulos comunes con Sage: muro de hielo y slow orb en Bind.','https://www.youtube.com/watch?v=H48jj-BP8x0',1,'2026-04-19 00:42:00'),(753,1,20,'Breeze','Guía de Sage en Breeze','Así se usa healing orb de Sage en Breeze — foco en A cave.','https://www.youtube.com/watch?v=svPKK9swRr4',1,'2026-04-19 00:42:00'),(754,1,20,'Fracture','Guía de Sage en Fracture','Cómo abrir el site sin trades con Sage: healing orb y resurrection en Fracture.','https://www.youtube.com/watch?v=tnNyr5fVWiI',1,'2026-04-19 00:42:00'),(755,1,20,'Haven','Guía de Sage en Haven','Sage en Haven: combos de resurrection y muro de hielo para abrir el site sin trades.','https://www.youtube.com/watch?v=tD3kncWy55M',1,'2026-04-19 00:42:00'),(756,1,20,'Lotus','Guía de Sage en Lotus','Claves con slow orb + barrier orb de Sage para tres bombsites en Lotus.','https://www.youtube.com/watch?v=hPfprsetbmQ',1,'2026-04-19 00:42:00'),(757,1,20,'Pearl','Guía de Sage en Pearl','Compilación con resurrection aplicado a sightlines largas de Pearl con Sage.','https://www.youtube.com/watch?v=bRm718yyO58',1,'2026-04-19 00:42:00'),(758,1,20,'Split','Guía de Sage en Split','Ejecutes con barrier orb de Sage en Split: mid vertical y negar peek a los duelistas.','https://www.youtube.com/watch?v=zrSuDcmSQzA',1,'2026-04-19 00:42:00'),(759,1,20,'Sunset','Guía de Sage en Sunset','Repaso de healing orb aplicado a B tiles de Sunset con Sage.','https://www.youtube.com/watch?v=H48jj-BP8x0',1,'2026-04-19 00:42:00'),(760,1,20,'Abyss','Guía de Sage en Abyss','Cómo ejecutar plants seguros con Sage: barrier orb y slow orb en Abyss.','https://www.youtube.com/watch?v=svPKK9swRr4',1,'2026-04-19 00:42:00'),(761,1,21,'Bind','Guía de Cypher en Bind','Claves con trapwire + cámara espía de Cypher para lane corta en Bind.','https://www.youtube.com/watch?v=UsfCu5uL3Qs',1,'2026-04-19 00:42:00'),(762,1,21,'Breeze','Guía de Cypher en Breeze','Cómo ganar tiempo al contrario con Cypher: cyber cage y spycam en Breeze.','https://www.youtube.com/watch?v=fhzq07kh3rc',1,'2026-04-19 00:42:00'),(763,1,21,'Fracture','Guía de Cypher en Fracture','Así se usa cámara espía de Cypher en Fracture — foco en A dish.','https://www.youtube.com/watch?v=Lop6WUQ3K_s',1,'2026-04-19 00:42:00'),(764,1,21,'Haven','Guía de Cypher en Haven','Así se usa cyber cage de Cypher en Haven — foco en C long.','https://www.youtube.com/watch?v=AG2E4X2ODFg',1,'2026-04-19 00:42:00'),(765,1,21,'Lotus','Guía de Cypher en Lotus','Spots clave de spycam y neural theft de Cypher — útil en C mound de Lotus.','https://www.youtube.com/watch?v=oVPSoiEMOCE',1,'2026-04-19 00:42:00'),(766,1,21,'Pearl','Guía de Cypher en Pearl','Timing y uso de cyber cage de Cypher en Pearl: B main y encadenar trades limpios.','https://www.youtube.com/watch?v=CCK0WpUyqDU',1,'2026-04-19 00:42:00'),(767,1,21,'Split','Guía de Cypher en Split','Cómo usar cámara espía aplicado a heaven de Split con Cypher.','https://www.youtube.com/watch?v=5nxfbTCCetw',1,'2026-04-19 00:42:00'),(768,1,21,'Sunset','Guía de Cypher en Sunset','Claves con neural theft + cámara espía de Cypher para B tiles en Sunset.','https://www.youtube.com/watch?v=RkwgZLPoJJw',1,'2026-04-19 00:42:00'),(769,1,21,'Abyss','Guía de Cypher en Abyss','Abyss, zonas de vacío: aprovecha cámara espía de Cypher para encadenar trades limpios.','https://www.youtube.com/watch?v=EiU1fljyljU',1,'2026-04-19 00:42:00'),(770,1,22,'Bind','Guía de Killjoy en Bind','Así se usa turret de Killjoy en Bind — foco en lane corta.','https://www.youtube.com/watch?v=BP5p297sPKI',1,'2026-04-19 00:42:00'),(771,1,22,'Breeze','Guía de Killjoy en Breeze','Timing y uso de nanoswarm aplicado a ángulos largos de Breeze con Killjoy.','https://www.youtube.com/watch?v=J67_kOwZTcE',1,'2026-04-19 00:42:00'),(772,1,22,'Haven','Guía de Killjoy en Haven','Claves con alarmbot + nanoswarm de Killjoy para rotaciones rápidas en Haven.','https://www.youtube.com/watch?v=P3XOGete9PA',1,'2026-04-19 00:42:00'),(773,1,22,'Icebox','Guía de Killjoy en Icebox','Así se usa turret de Killjoy en Icebox — foco en B nest.','https://www.youtube.com/watch?v=TKtC3y5LhQ4',1,'2026-04-19 00:42:00'),(774,1,22,'Lotus','Guía de Killjoy en Lotus','Killjoy en Lotus: combos de lockdown y gadgets defensivos para cerrar rotaciones del rival.','https://www.youtube.com/watch?v=XYxpZV8V_0A',1,'2026-04-19 00:42:00'),(775,1,22,'Pearl','Guía de Killjoy en Pearl','Pearl, mid link: aprovecha nanoswarm de Killjoy para ejecutar plants seguros.','https://www.youtube.com/watch?v=X9fKNKoH1yg',1,'2026-04-19 00:42:00'),(776,1,22,'Split','Guía de Killjoy en Split','Cómo aguantar retakes con Killjoy: turret y lockdown en Split.','https://www.youtube.com/watch?v=8wenS-w4xZY',1,'2026-04-19 00:42:00'),(777,1,22,'Sunset','Guía de Killjoy en Sunset','Así se usa gadgets defensivos de Killjoy en Sunset — foco en market.','https://www.youtube.com/watch?v=iSLtcNgcFIE',1,'2026-04-19 00:42:00'),(778,1,22,'Abyss','Guía de Killjoy en Abyss','Spots clave de gadgets defensivos de Killjoy en Abyss: pasarelas y cerrar rotaciones del rival.','https://www.youtube.com/watch?v=1Q3Nj6NLRVc',1,'2026-04-19 00:42:00'),(779,1,23,'Bind','Guía de Chamber en Bind','Claves de trademark y headhunter de Chamber — útil en lane corta de Bind.','https://www.youtube.com/watch?v=fMTrG_1CVwU',1,'2026-04-19 00:42:00'),(780,1,23,'Fracture','Guía de Chamber en Fracture','Timing y uso de pistola precisa y tour de force de Chamber — útil en B arcade de Fracture.','https://www.youtube.com/watch?v=Q14Z_MvPIAY',1,'2026-04-19 00:42:00'),(781,1,23,'Haven','Guía de Chamber en Haven','Cómo encadenar trades limpios con Chamber: tour de force y pistola precisa en Haven.','https://www.youtube.com/watch?v=xFCUDdUYUKA',1,'2026-04-19 00:42:00'),(782,1,23,'Icebox','Guía de Chamber en Icebox','Rutinas de rendezvous aplicado a altura yellow de Icebox con Chamber.','https://www.youtube.com/watch?v=ukrThNybaBg',1,'2026-04-19 00:42:00'),(783,1,23,'Lotus','Guía de Chamber en Lotus','Recopilatorio de trademark de Chamber en Lotus: C mound y romper holds defensivos.','https://www.youtube.com/watch?v=cJIWLwhazSM',1,'2026-04-19 00:42:00'),(784,1,23,'Pearl','Guía de Chamber en Pearl','Guía sobre rendezvous y tour de force de Chamber — útil en B main de Pearl.','https://www.youtube.com/watch?v=A6Mq-TRqRcU',1,'2026-04-19 00:42:00'),(785,1,23,'Split','Guía de Chamber en Split','Claves con rendezvous + headhunter de Chamber para heaven en Split.','https://www.youtube.com/watch?v=qRb8EUu-o7s',1,'2026-04-19 00:42:00'),(786,1,23,'Sunset','Guía de Chamber en Sunset','Mini guía de headhunter aplicado a A main de Sunset con Chamber.','https://www.youtube.com/watch?v=80WbxXOaXx0',1,'2026-04-19 00:42:00'),(787,1,23,'Abyss','Guía de Chamber en Abyss','Chamber en Abyss: combos de tour de force y trademark para romper holds defensivos.','https://www.youtube.com/watch?v=4mu9aASIz2E',1,'2026-04-19 00:42:00'),(788,1,24,'Bind','Guía de Deadlock en Bind','Claves con annihilation + sensor de sonido de Deadlock para A short en Bind.','https://www.youtube.com/watch?v=PRWpPWBjwo0',1,'2026-04-19 00:42:00'),(789,1,24,'Breeze','Guía de Deadlock en Breeze','Deadlock en Breeze: combos de annihilation y sensor de sonido para controlar zonas clave.','https://www.youtube.com/watch?v=M3Kx07EbO6Y',1,'2026-04-19 00:42:00'),(790,1,24,'Fracture','Guía de Deadlock en Fracture','Claves con barrier mesh + annihilation de Deadlock para entradas cruzadas en Fracture.','https://www.youtube.com/watch?v=8GpukdEefHg',1,'2026-04-19 00:42:00'),(791,1,24,'Haven','Guía de Deadlock en Haven','Mini guía de sonic sensor aplicado a garage de Haven con Deadlock.','https://www.youtube.com/watch?v=qnOBYBzhdzM',1,'2026-04-19 00:42:00'),(792,1,24,'Icebox','Guía de Deadlock en Icebox','Compilación con barrier mesh de Deadlock en Icebox: B nest y ejecutar plants seguros.','https://www.youtube.com/watch?v=CdCHybbXgac',1,'2026-04-19 00:42:00'),(793,1,24,'Lotus','Guía de Deadlock en Lotus','Lotus, A main: aprovecha barrier mesh de Deadlock para negar peek a los duelistas.','https://www.youtube.com/watch?v=Ri--MpCVwwU',1,'2026-04-19 00:42:00'),(794,1,24,'Pearl','Guía de Deadlock en Pearl','Deadlock en Pearl: combos de sensor de sonido y sonic sensor para negar peek a los duelistas.','https://www.youtube.com/watch?v=AeGoQXakBQA',1,'2026-04-19 00:42:00'),(795,1,24,'Sunset','Guía de Deadlock en Sunset','Consejos con sensor de sonido de Deadlock en Sunset: market y encadenar trades limpios.','https://www.youtube.com/watch?v=fGmbnhEKMWo',1,'2026-04-19 00:42:00'),(796,1,24,'Abyss','Guía de Deadlock en Abyss','Ejecutes con gravnet y sonic sensor de Deadlock — útil en huecos de caída de Abyss.','https://www.youtube.com/watch?v=6Ek1mjGSLzE',1,'2026-04-19 00:42:00'),(797,1,25,'Ascent','Guía de Vyse en Ascent','Cómo encadenar trades limpios con Vyse: arc rose y steel garden en Ascent.','https://www.youtube.com/watch?v=DU4gSbmFyoc',1,'2026-04-19 00:42:00'),(798,1,25,'Breeze','Guía de Vyse en Breeze','Claves de arc rose de Vyse en Breeze: pirámides y ejecutar plants seguros.','https://www.youtube.com/watch?v=6A9QGeWSZmk',1,'2026-04-19 00:42:00'),(799,1,25,'Fracture','Guía de Vyse en Fracture','Cómo coger info sin exponerte con Vyse: razorvine y shear en Fracture.','https://www.youtube.com/watch?v=HELCuSSM01U',1,'2026-04-19 00:42:00'),(800,1,25,'Haven','Guía de Vyse en Haven','Cómo romper holds defensivos con Vyse: arc rose y trampas metálicas en Haven.','https://www.youtube.com/watch?v=8GpO4vpXWk8',1,'2026-04-19 00:42:00'),(801,1,25,'Icebox','Guía de Vyse en Icebox','Vyse en Icebox: combos de shear y steel garden para ganar duelos a distancia.','https://www.youtube.com/watch?v=dSuqFdGn1YE',1,'2026-04-19 00:42:00'),(802,1,25,'Lotus','Guía de Vyse en Lotus','Compilación con arc rose de Vyse en Lotus: A main y encadenar trades limpios.','https://www.youtube.com/watch?v=wHLjMBSainM',1,'2026-04-19 00:42:00'),(803,1,25,'Pearl','Guía de Vyse en Pearl','Consejos con arc rose y razorvine de Vyse — útil en A main de Pearl.','https://www.youtube.com/watch?v=1k5qaN8mAuU',1,'2026-04-19 00:42:00'),(804,1,25,'Split','Guía de Vyse en Split','Claves con steel garden + shear de Vyse para vents en Split.','https://www.youtube.com/watch?v=cZL-ZjgVoWk',1,'2026-04-19 00:42:00'),(805,1,25,'Abyss','Guía de Vyse en Abyss','Vyse en Abyss: combos de steel garden y arc rose para cerrar rotaciones del rival.','https://www.youtube.com/watch?v=V0K6kacM-Fk',1,'2026-04-19 00:42:00');
/*!40000 ALTER TABLE `lineup` ENABLE KEYS */;
UNLOCK TABLES;

--
-- Table structure for table `mensaje`
--

DROP TABLE IF EXISTS `mensaje`;
/*!40101 SET @saved_cs_client     = @@character_set_client */;
/*!40101 SET character_set_client = utf8 */;
CREATE TABLE `mensaje` (
  `id` int(11) NOT NULL AUTO_INCREMENT,
  `emisor_id` int(11) NOT NULL,
  `receptor_id` int(11) NOT NULL,
  `contenido` text NOT NULL,
  `tipo` enum('text','valorant_code','discord_link','discord_id','riot_id') NOT NULL DEFAULT 'text',
  `leido` tinyint(1) NOT NULL DEFAULT 0,
  `creado_en` timestamp NOT NULL DEFAULT current_timestamp(),
  PRIMARY KEY (`id`),
  KEY `idx_par` (`emisor_id`,`receptor_id`,`creado_en`),
  KEY `idx_receptor_leido` (`receptor_id`,`leido`,`emisor_id`),
  CONSTRAINT `fk_msg_emisor` FOREIGN KEY (`emisor_id`) REFERENCES `usuario` (`id`) ON DELETE CASCADE,
  CONSTRAINT `fk_msg_receptor` FOREIGN KEY (`receptor_id`) REFERENCES `usuario` (`id`) ON DELETE CASCADE
) ENGINE=InnoDB AUTO_INCREMENT=36 DEFAULT CHARSET=utf8mb4 COLLATE=utf8mb4_unicode_ci;
/*!40101 SET character_set_client = @saved_cs_client */;

--
-- Dumping data for table `mensaje`
--

LOCK TABLES `mensaje` WRITE;
/*!40000 ALTER TABLE `mensaje` DISABLE KEYS */;
INSERT INTO `mensaje` VALUES (8,6,20,'buena esa clutch del otro d?a','text',1,'2026-04-14 00:19:12'),(9,20,6,'jaja gracias','text',1,'2026-04-14 00:21:12'),(10,6,20,'mi discord: 392847192837182746','discord_id',1,'2026-04-18 23:19:12'),(11,20,13,'tienes c?digo?','text',1,'2026-04-18 21:19:12'),(12,13,20,'#DHX74K2','valorant_code',1,'2026-04-18 23:09:12'),(13,4,20,'no jugaste ayer','text',1,'2026-04-09 00:19:12'),(14,20,4,'estaba estudiando','text',1,'2026-04-09 00:22:12'),(15,20,13,'#DHX74K2','valorant_code',0,'2026-04-20 09:51:07'),(19,8,20,'¡Hola! ¿Te animas a unas rankeadas esta noche?','text',1,'2026-04-20 09:07:49'),(20,20,8,'Claro, ¿a qué hora?','text',1,'2026-04-20 09:09:49'),(21,8,20,'A las 22:30. Te paso el Discord del grupo:','text',1,'2026-04-20 09:15:49'),(22,8,20,'https://discord.gg/valorant-esp','discord_link',1,'2026-04-20 09:15:49'),(23,20,8,'Apunta mi Discord ID, te añado:','text',1,'2026-04-20 09:20:49'),(24,20,8,'287653219054923776','discord_id',1,'2026-04-20 09:20:49'),(25,8,20,'¿Y tu Riot ID para invitarte al grupo?','text',1,'2026-04-20 09:27:49'),(26,20,8,'GoldRush#EUW','riot_id',1,'2026-04-20 09:28:49'),(27,8,20,'Perfecto. El mío por si acaso:','text',1,'2026-04-20 09:30:49'),(28,8,20,'GoldStandard#1234','riot_id',1,'2026-04-20 09:30:49'),(29,8,20,'Código del grupo privado para esta noche:','text',1,'2026-04-20 09:43:49'),(30,8,20,'#VALO2026','valorant_code',1,'2026-04-20 09:43:49'),(31,20,8,'Genial. Prueba también con este si falla:','text',1,'2026-04-20 09:45:49'),(32,20,8,'VAL-GOLD-2026','valorant_code',1,'2026-04-20 09:45:49'),(33,8,20,'Nos vemos en Discord 💪','text',1,'2026-04-20 09:50:49'),(34,20,8,'Entrando ya','text',0,'2026-04-20 09:53:49'),(35,20,8,'holaquetal#2343','riot_id',0,'2026-04-20 09:57:16');
/*!40000 ALTER TABLE `mensaje` ENABLE KEYS */;
UNLOCK TABLES;

--
-- Table structure for table `riot_stats_cache`
--

DROP TABLE IF EXISTS `riot_stats_cache`;
/*!40101 SET @saved_cs_client     = @@character_set_client */;
/*!40101 SET character_set_client = utf8 */;
CREATE TABLE `riot_stats_cache` (
  `puuid` varchar(120) NOT NULL,
  `stats_json` text NOT NULL,
  `updated_at` datetime NOT NULL,
  PRIMARY KEY (`puuid`),
  KEY `idx_updated` (`updated_at`)
) ENGINE=InnoDB DEFAULT CHARSET=utf8mb4 COLLATE=utf8mb4_unicode_ci;
/*!40101 SET character_set_client = @saved_cs_client */;

--
-- Dumping data for table `riot_stats_cache`
--

LOCK TABLES `riot_stats_cache` WRITE;
/*!40000 ALTER TABLE `riot_stats_cache` DISABLE KEYS */;
/*!40000 ALTER TABLE `riot_stats_cache` ENABLE KEYS */;
UNLOCK TABLES;

--
-- Table structure for table `rutina`
--

DROP TABLE IF EXISTS `rutina`;
/*!40101 SET @saved_cs_client     = @@character_set_client */;
/*!40101 SET character_set_client = utf8 */;
CREATE TABLE `rutina` (
  `id` int(11) NOT NULL AUTO_INCREMENT,
  `usuario_id` int(11) NOT NULL,
  `rango` enum('Iron','Bronze','Silver','Gold','Platinum','Diamond','Ascendant','Immortal','Radiant') NOT NULL,
  `contenido` text NOT NULL,
  `duracion_min` int(11) NOT NULL DEFAULT 30,
  `generado_en` timestamp NOT NULL DEFAULT current_timestamp(),
  PRIMARY KEY (`id`),
  KEY `usuario_id` (`usuario_id`),
  CONSTRAINT `rutina_ibfk_1` FOREIGN KEY (`usuario_id`) REFERENCES `usuario` (`id`) ON DELETE CASCADE
) ENGINE=InnoDB DEFAULT CHARSET=utf8mb4 COLLATE=utf8mb4_unicode_ci;
/*!40101 SET character_set_client = @saved_cs_client */;

--
-- Dumping data for table `rutina`
--

LOCK TABLES `rutina` WRITE;
/*!40000 ALTER TABLE `rutina` DISABLE KEYS */;
/*!40000 ALTER TABLE `rutina` ENABLE KEYS */;
UNLOCK TABLES;

--
-- Table structure for table `solicitud_equipo`
--

DROP TABLE IF EXISTS `solicitud_equipo`;
/*!40101 SET @saved_cs_client     = @@character_set_client */;
/*!40101 SET character_set_client = utf8 */;
CREATE TABLE `solicitud_equipo` (
  `id` int(11) NOT NULL AUTO_INCREMENT,
  `usuario_id` int(11) NOT NULL,
  `rango_min` enum('Iron','Bronze','Silver','Gold','Platinum','Diamond','Ascendant','Immortal','Radiant') NOT NULL,
  `rango_max` enum('Iron','Bronze','Silver','Gold','Platinum','Diamond','Ascendant','Immortal','Radiant') NOT NULL,
  `mensaje` varchar(255) DEFAULT NULL,
  `activa` tinyint(1) NOT NULL DEFAULT 1,
  `creado_en` timestamp NOT NULL DEFAULT current_timestamp(),
  PRIMARY KEY (`id`),
  KEY `usuario_id` (`usuario_id`),
  CONSTRAINT `solicitud_equipo_ibfk_1` FOREIGN KEY (`usuario_id`) REFERENCES `usuario` (`id`) ON DELETE CASCADE
) ENGINE=InnoDB DEFAULT CHARSET=utf8mb4 COLLATE=utf8mb4_unicode_ci;
/*!40101 SET character_set_client = @saved_cs_client */;

--
-- Dumping data for table `solicitud_equipo`
--

LOCK TABLES `solicitud_equipo` WRITE;
/*!40000 ALTER TABLE `solicitud_equipo` DISABLE KEYS */;
/*!40000 ALTER TABLE `solicitud_equipo` ENABLE KEYS */;
UNLOCK TABLES;

--
-- Table structure for table `usuario`
--

DROP TABLE IF EXISTS `usuario`;
/*!40101 SET @saved_cs_client     = @@character_set_client */;
/*!40101 SET character_set_client = utf8 */;
CREATE TABLE `usuario` (
  `id` int(11) NOT NULL AUTO_INCREMENT,
  `username` varchar(50) NOT NULL,
  `email` varchar(100) NOT NULL,
  `password_hash` varchar(255) NOT NULL,
  `rango` enum('Iron','Bronze','Silver','Gold','Platinum','Diamond','Ascendant','Immortal','Radiant') NOT NULL,
  `region` enum('EU','NA','LATAM','BR','AP','KR') NOT NULL DEFAULT 'EU',
  `es_admin` tinyint(1) NOT NULL DEFAULT 0,
  `riot_id` varchar(50) DEFAULT NULL,
  `riot_tag` varchar(10) DEFAULT NULL,
  `riot_region` enum('eu','na','ap','kr','latam','br') DEFAULT NULL,
  `riot_puuid` varchar(120) DEFAULT NULL,
  `riot_validado_en` datetime DEFAULT NULL,
  `riot_id_visible` tinyint(1) NOT NULL DEFAULT 1,
  `google_id` varchar(255) DEFAULT NULL,
  `creado_en` timestamp NOT NULL DEFAULT current_timestamp(),
  `ultima_actividad` timestamp NULL DEFAULT NULL,
  `estado_presencia` enum('en_linea','ausente','invisible') NOT NULL DEFAULT 'en_linea',
  PRIMARY KEY (`id`),
  UNIQUE KEY `username` (`username`),
  UNIQUE KEY `email` (`email`),
  UNIQUE KEY `uq_google_id` (`google_id`)
) ENGINE=InnoDB AUTO_INCREMENT=21 DEFAULT CHARSET=utf8mb4 COLLATE=utf8mb4_unicode_ci;
/*!40101 SET character_set_client = @saved_cs_client */;

--
-- Dumping data for table `usuario`
--

LOCK TABLES `usuario` WRITE;
/*!40000 ALTER TABLE `usuario` DISABLE KEYS */;
INSERT INTO `usuario` VALUES (1,'admin','admin@valosense.com','$2y$10$gkcfJKk5/xNfaX8Qf67SNOqKvEX.OOl6AtljZrWrcY1pBSaioq/ei','Iron','EU',1,NULL,NULL,NULL,NULL,NULL,1,NULL,'2026-04-18 17:56:05',NULL,'en_linea'),(2,'iron_novato','iron_novato@test.valosense','$2y$10$gkcfJKk5/xNfaX8Qf67SNOqKvEX.OOl6AtljZrWrcY1pBSaioq/ei','Iron','EU',0,NULL,NULL,NULL,NULL,NULL,1,NULL,'2026-04-18 18:38:51',NULL,'en_linea'),(3,'iron_learner','iron_learner@test.valosense','$2y$10$gkcfJKk5/xNfaX8Qf67SNOqKvEX.OOl6AtljZrWrcY1pBSaioq/ei','Iron','NA',0,NULL,NULL,NULL,NULL,NULL,1,NULL,'2026-04-18 18:38:51',NULL,'en_linea'),(4,'bronze_climb','bronze_climb@test.valosense','$2y$10$gkcfJKk5/xNfaX8Qf67SNOqKvEX.OOl6AtljZrWrcY1pBSaioq/ei','Bronze','EU',0,NULL,NULL,NULL,NULL,NULL,1,NULL,'2026-04-18 18:38:51','2026-04-18 22:19:12','en_linea'),(5,'bronze_duo','bronze_duo@test.valosense','$2y$10$gkcfJKk5/xNfaX8Qf67SNOqKvEX.OOl6AtljZrWrcY1pBSaioq/ei','Bronze','LATAM',0,NULL,NULL,NULL,NULL,NULL,1,NULL,'2026-04-18 18:38:51',NULL,'en_linea'),(6,'silver_fox','silver_fox@test.valosense','$2y$10$gkcfJKk5/xNfaX8Qf67SNOqKvEX.OOl6AtljZrWrcY1pBSaioq/ei','Silver','EU',0,'SilverFox','EUW2','eu',NULL,NULL,0,NULL,'2026-04-18 18:38:51','2026-04-19 00:19:12','en_linea'),(7,'silver_bullet','silver_bullet@test.valosense','$2y$10$gkcfJKk5/xNfaX8Qf67SNOqKvEX.OOl6AtljZrWrcY1pBSaioq/ei','Silver','NA',0,NULL,NULL,NULL,NULL,NULL,1,NULL,'2026-04-18 18:38:51',NULL,'en_linea'),(8,'gold_standard','gold_standard@test.valosense','$2y$10$gkcfJKk5/xNfaX8Qf67SNOqKvEX.OOl6AtljZrWrcY1pBSaioq/ei','Gold','EU',0,'GoldStandard','EUW1','eu',NULL,NULL,1,NULL,'2026-04-18 18:38:51','2026-04-19 00:19:12','en_linea'),(9,'gold_rush','gold_rush@test.valosense','$2y$10$gkcfJKk5/xNfaX8Qf67SNOqKvEX.OOl6AtljZrWrcY1pBSaioq/ei','Gold','BR',0,NULL,NULL,NULL,NULL,NULL,1,NULL,'2026-04-18 18:38:51',NULL,'en_linea'),(10,'gold_mine','gold_mine@test.valosense','$2y$10$gkcfJKk5/xNfaX8Qf67SNOqKvEX.OOl6AtljZrWrcY1pBSaioq/ei','Gold','NA',0,NULL,NULL,NULL,NULL,NULL,1,NULL,'2026-04-18 18:38:51',NULL,'en_linea'),(11,'plat_seeker','plat_seeker@test.valosense','$2y$10$gkcfJKk5/xNfaX8Qf67SNOqKvEX.OOl6AtljZrWrcY1pBSaioq/ei','Platinum','LATAM',0,NULL,NULL,NULL,NULL,NULL,1,NULL,'2026-04-18 18:38:51',NULL,'en_linea'),(12,'plat_edge','plat_edge@test.valosense','$2y$10$gkcfJKk5/xNfaX8Qf67SNOqKvEX.OOl6AtljZrWrcY1pBSaioq/ei','Platinum','EU',0,NULL,NULL,NULL,NULL,NULL,1,NULL,'2026-04-18 18:38:51',NULL,'en_linea'),(13,'diamond_hands','diamond_hands@test.valosense','$2y$10$gkcfJKk5/xNfaX8Qf67SNOqKvEX.OOl6AtljZrWrcY1pBSaioq/ei','Diamond','EU',0,NULL,NULL,NULL,NULL,NULL,1,NULL,'2026-04-18 18:38:51','2026-04-18 22:19:12','en_linea'),(14,'diamond_pro','diamond_pro@test.valosense','$2y$10$gkcfJKk5/xNfaX8Qf67SNOqKvEX.OOl6AtljZrWrcY1pBSaioq/ei','Diamond','AP',0,NULL,NULL,NULL,NULL,NULL,1,NULL,'2026-04-18 18:38:51',NULL,'en_linea'),(15,'ascend_now','ascend_now@test.valosense','$2y$10$gkcfJKk5/xNfaX8Qf67SNOqKvEX.OOl6AtljZrWrcY1pBSaioq/ei','Ascendant','NA',0,NULL,NULL,NULL,NULL,NULL,1,NULL,'2026-04-18 18:38:51',NULL,'en_linea'),(16,'ascend_ppl','ascend_ppl@test.valosense','$2y$10$gkcfJKk5/xNfaX8Qf67SNOqKvEX.OOl6AtljZrWrcY1pBSaioq/ei','Ascendant','EU',0,NULL,NULL,NULL,NULL,NULL,1,NULL,'2026-04-18 18:38:51',NULL,'en_linea'),(17,'immortal_one','immortal_one@test.valosense','$2y$10$gkcfJKk5/xNfaX8Qf67SNOqKvEX.OOl6AtljZrWrcY1pBSaioq/ei','Immortal','BR',0,NULL,NULL,NULL,NULL,NULL,1,NULL,'2026-04-18 18:38:51',NULL,'en_linea'),(18,'immortal_clutch','immortal_clutch@test.valosense','$2y$10$gkcfJKk5/xNfaX8Qf67SNOqKvEX.OOl6AtljZrWrcY1pBSaioq/ei','Immortal','KR',0,NULL,NULL,NULL,NULL,NULL,1,NULL,'2026-04-18 18:38:51',NULL,'en_linea'),(19,'radiant_proof','radiant_proof@test.valosense','$2y$10$gkcfJKk5/xNfaX8Qf67SNOqKvEX.OOl6AtljZrWrcY1pBSaioq/ei','Radiant','EU',0,NULL,NULL,NULL,NULL,NULL,1,NULL,'2026-04-18 18:38:51',NULL,'en_linea'),(20,'user','user@valosense.local','$2y$10$qZyu14m1myy2m1jmcu70buooEGSY6OoNDE8hpUBgEy2eOrAS5Mh3K','Gold','EU',0,NULL,NULL,NULL,NULL,NULL,1,NULL,'2026-04-19 00:02:58','2026-04-20 11:04:17','en_linea');
/*!40000 ALTER TABLE `usuario` ENABLE KEYS */;
UNLOCK TABLES;
/*!40103 SET TIME_ZONE=@OLD_TIME_ZONE */;

/*!40101 SET SQL_MODE=@OLD_SQL_MODE */;
/*!40014 SET FOREIGN_KEY_CHECKS=@OLD_FOREIGN_KEY_CHECKS */;
/*!40014 SET UNIQUE_CHECKS=@OLD_UNIQUE_CHECKS */;
/*!40101 SET CHARACTER_SET_CLIENT=@OLD_CHARACTER_SET_CLIENT */;
/*!40101 SET CHARACTER_SET_RESULTS=@OLD_CHARACTER_SET_RESULTS */;
/*!40101 SET COLLATION_CONNECTION=@OLD_COLLATION_CONNECTION */;
/*!40111 SET SQL_NOTES=@OLD_SQL_NOTES */;

-- Dump completed on 2026-05-26  9:47:43
